method,n_angles,sigma,param,img,psnr,ssim,rel
PnP-DnCNN,5,0.05,"sd=0.15,k=100",0,16.406241167370403,0.7182554542771921,0.5505538
PnP-DnCNN,5,0.05,"sd=0.15,k=100",1,16.693912827040396,0.8127643684509632,0.41561735
PnP-DnCNN,5,0.05,"sd=0.15,k=100",2,14.9491383156982,0.6254611484815421,0.90388745
PnP-DnCNN,5,0.05,"sd=0.15,k=100",3,17.109303569920154,0.8933219938434459,0.3427824
PnP-DnCNN,5,0.05,"sd=0.15,k=100",4,16.279305108993963,0.7020029861812888,0.54915375
PnP-DnCNN,5,0.05,"sd=0.15,k=100",5,18.737555296385633,0.8320844377850929,0.4749889
PnP-DnCNN,5,0.05,"sd=0.15,k=100",6,13.847386105221222,0.6093826468265832,0.69226
PnP-DnCNN,5,0.05,"sd=0.15,k=100",7,17.038160435611598,0.7613408612802939,0.47180715
PnP-DnCNN,5,0.05,"sd=0.15,k=100",8,16.91451941048464,0.8368276958045943,0.39056253
PnP-DnCNN,5,0.05,"sd=0.15,k=100",9,18.70090232911145,0.8717982174620833,0.315655
PnP-DnCNN,5,0.05,"sd=0.15,k=100",10,18.162959013833987,0.8562564099159896,0.3499501
PnP-DnCNN,5,0.05,"sd=0.15,k=100",11,18.06026272152359,0.8762575824329368,0.37462798
PnP-DnCNN,5,0.05,"sd=0.15,k=100",12,17.368772200483047,0.8364448771294406,0.43944693
PnP-DnCNN,5,0.05,"sd=0.15,k=100",13,21.272148585457963,0.9275008552853973,0.24454562
PnP-DnCNN,5,0.05,"sd=0.15,k=100",14,21.734577219334735,0.9289164157538128,0.30008128
PnP-DnCNN,5,0.05,"sd=0.15,k=100",15,15.419497262241668,0.6510459661570295,0.5763821
PnP-DnCNN,5,0.05,"sd=0.15,k=100",16,19.78787000037311,0.8976001835751447,0.33035448
PnP-DnCNN,5,0.05,"sd=0.15,k=100",17,22.593678774254435,0.9163730995698778,0.23775254
PnP-DnCNN,5,0.05,"sd=0.15,k=100",18,17.912408267115538,0.8625726201668937,0.32640967
PnP-DnCNN,5,0.05,"sd=0.15,k=100",19,15.020816179945998,0.6933612350064872,0.7038788
PnP-DnCNN,5,0.05,"sd=0.15,k=100",20,19.777204835809965,0.8432618101333217,0.29531863
PnP-DnCNN,5,0.05,"sd=0.15,k=100",21,19.41133394640071,0.8803581078613777,0.35092312
PnP-DnCNN,5,0.05,"sd=0.15,k=100",22,14.498753030297618,0.6777081740365849,0.60210085
PnP-DnCNN,5,0.05,"sd=0.15,k=100",23,15.98171489314068,0.7068884288046696,0.5495941
PnP-DnCNN,5,0.05,"sd=0.15,k=100",24,17.16531682345638,0.6734337818390697,0.6394653
PnP-DnCNN,5,0.05,"sd=0.15,k=100",25,15.501161452434761,0.8430063521628045,0.341552
PnP-DnCNN,5,0.05,"sd=0.15,k=100",26,16.794836634455397,0.794632814639856,0.58707637
PnP-DnCNN,5,0.05,"sd=0.15,k=100",27,14.059555216840458,0.6126330662150733,0.64863694
PnP-DnCNN,5,0.05,"sd=0.15,k=100",28,18.423085633419962,0.8840649926526017,0.30839267
PnP-DnCNN,5,0.05,"sd=0.15,k=100",29,21.86037369551435,0.927319535600745,0.34606308
PnP-DnCNN,5,0.05,"sd=0.15,k=100",30,17.903739993786854,0.7972763516256597,0.3881725
PnP-DnCNN,5,0.05,"sd=0.15,k=100",31,15.41614060750058,0.7158884022343752,0.79858965
PnP-DnCNN,5,0.05,"sd=0.15,k=100",32,16.456271821782273,0.7440755178108965,0.44830734
PnP-DnCNN,5,0.05,"sd=0.15,k=100",33,17.132493020581073,0.760063887385205,0.43610623
PnP-DnCNN,5,0.05,"sd=0.15,k=100",34,19.16897385047738,0.8108467375361726,0.32457346
PnP-DnCNN,5,0.05,"sd=0.15,k=100",35,17.084740691145594,0.7998132425348836,0.39999035
PnP-DnCNN,5,0.05,"sd=0.15,k=100",36,14.700956409611067,0.611314580875917,0.6054017
PnP-DnCNN,5,0.05,"sd=0.15,k=100",37,25.38558789252781,0.9475709602606198,0.21967062
PnP-DnCNN,5,0.05,"sd=0.15,k=100",38,17.14200212957889,0.7839385325575925,0.508996
PnP-DnCNN,5,0.05,"sd=0.15,k=100",39,18.28161399549136,0.7934670093296924,0.42807555
PnP-DnCNN,5,0.05,"sd=0.15,k=100",40,19.369630497598266,0.7435952896615592,0.6566129
PnP-DnCNN,5,0.05,"sd=0.15,k=100",41,13.276670471703,0.529546378852832,0.83340514
PnP-DnCNN,5,0.05,"sd=0.15,k=100",42,16.636866226436446,0.7321348146523791,0.4591961
PnP-DnCNN,5,0.05,"sd=0.15,k=100",43,16.355759308744904,0.7377276703876959,0.6042485
PnP-DnCNN,5,0.05,"sd=0.15,k=100",44,17.41859274876745,0.7870978038940359,0.47603813
PnP-DnCNN,5,0.05,"sd=0.15,k=100",45,14.167237425662645,0.5390540301157085,0.70395744
PnP-DnCNN,5,0.05,"sd=0.15,k=100",46,19.200822606909895,0.8796552133430212,0.37727514
PnP-DnCNN,5,0.05,"sd=0.15,k=100",47,14.270743404726513,0.5030053730859301,0.7801194
PnP-DnCNN,5,0.05,"sd=0.15,k=100",48,17.30207836714123,0.7735002784583763,0.3247728
PnP-DnCNN,5,0.05,"sd=0.15,k=100",49,18.944982448059307,0.8128385762607079,0.3522969
PnP-DnCNN,5,0.05,"sd=0.15,k=100",50,18.05931795528153,0.8532039970621343,0.43312064
PnP-DnCNN,5,0.05,"sd=0.15,k=100",51,16.846637299555276,0.8579366205629126,0.35333648
PnP-DnCNN,5,0.05,"sd=0.15,k=100",52,16.98144215400624,0.7650364995646639,0.45739424
PnP-DnCNN,5,0.05,"sd=0.15,k=100",53,14.62520834063069,0.5570038240783872,0.7439566
PnP-DnCNN,5,0.05,"sd=0.15,k=100",54,15.415659819284022,0.8252816797226421,0.4467388
PnP-DnCNN,5,0.05,"sd=0.15,k=100",55,19.170507710133556,0.8941529307545457,0.31889266
PnP-DnCNN,5,0.05,"sd=0.15,k=100",56,16.100466006204663,0.7159271844912153,0.45048305
PnP-DnCNN,5,0.05,"sd=0.15,k=100",57,17.23986571346131,0.7996305784334193,0.6649282
PnP-DnCNN,5,0.05,"sd=0.15,k=100",58,19.079628041762945,0.8791200899141879,0.33386406
PnP-DnCNN,5,0.05,"sd=0.15,k=100",59,16.163741151235133,0.6952281058554284,0.72737545
PnP-DnCNN,5,0.05,"sd=0.15,k=100",60,19.333032283094102,0.894966016331118,0.3168744
PnP-DnCNN,5,0.05,"sd=0.15,k=100",61,15.732805575715377,0.7558738823322491,0.44126037
PnP-DnCNN,5,0.05,"sd=0.15,k=100",62,16.4249263046555,0.6962815199737882,0.67001396
PnP-DnCNN,5,0.05,"sd=0.15,k=100",63,17.07809412928984,0.7699199310092117,0.46296778
PnP-DnCNN,5,0.05,"sd=0.15,k=100",64,14.533121781615698,0.7038949733128106,0.51095927
PnP-DnCNN,5,0.05,"sd=0.15,k=100",65,17.372958109090415,0.7987268067860768,0.589276
PnP-DnCNN,5,0.05,"sd=0.15,k=100",66,16.134286208388385,0.7633703401437787,0.5067682
PnP-DnCNN,5,0.05,"sd=0.15,k=100",67,15.77112841418408,0.7308007202065244,0.5430354
PnP-DnCNN,5,0.05,"sd=0.15,k=100",68,19.539292563719165,0.8946970197225897,0.2617549
PnP-DnCNN,5,0.05,"sd=0.15,k=100",69,19.861697339257475,0.8889559581471714,0.29100943
PnP-DnCNN,5,0.05,"sd=0.15,k=100",70,18.04433189874292,0.8424834123066259,0.4017588
PnP-DnCNN,5,0.05,"sd=0.15,k=100",71,22.66309050150051,0.9589493145996874,0.17164615
PnP-DnCNN,5,0.05,"sd=0.15,k=100",72,16.62302535692979,0.7966358252985726,0.43604857
PnP-DnCNN,5,0.05,"sd=0.15,k=100",73,19.85333976041781,0.8365164429867209,0.2800033
PnP-DnCNN,5,0.05,"sd=0.15,k=100",74,23.361228110768177,0.9466646126479157,0.26723537
PnP-DnCNN,5,0.05,"sd=0.15,k=100",75,13.933875580577531,0.601473111476232,0.64459854
PnP-DnCNN,5,0.05,"sd=0.15,k=100",76,14.621112371677526,0.6101136859737877,0.68938
PnP-DnCNN,5,0.05,"sd=0.15,k=100",77,15.921752354334615,0.7010784346638209,0.59763604
PnP-DnCNN,5,0.05,"sd=0.15,k=100",78,17.851405364383332,0.8213908664953379,0.43532005
PnP-DnCNN,5,0.05,"sd=0.15,k=100",79,17.80219428952721,0.846596018189573,0.30676058
PnP-DnCNN,5,0.05,"sd=0.15,k=100",80,17.71481894387524,0.775117413326701,0.43306133
PnP-DnCNN,5,0.05,"sd=0.15,k=100",81,18.81579945818984,0.8534206939643622,0.33937278
PnP-DnCNN,5,0.05,"sd=0.15,k=100",82,21.13532739529724,0.931680636588207,0.22711852
PnP-DnCNN,5,0.05,"sd=0.15,k=100",83,15.252399642234467,0.640939274541531,0.63179564
PnP-DnCNN,5,0.05,"sd=0.15,k=100",84,13.502143617070537,0.6741013703091641,0.62056816
PnP-DnCNN,5,0.05,"sd=0.15,k=100",85,17.75648947912682,0.7647897614506367,0.3208052
PnP-DnCNN,5,0.05,"sd=0.15,k=100",86,16.746949017157586,0.7985731766367874,0.42988843
PnP-DnCNN,5,0.05,"sd=0.15,k=100",87,15.383398799997325,0.7021915932349025,0.49898112
PnP-DnCNN,5,0.05,"sd=0.15,k=100",88,19.179581228721688,0.9244760380796164,0.3216388
PnP-DnCNN,5,0.05,"sd=0.15,k=100",89,17.794059202705,0.8429809315553443,0.47542548
PnP-DnCNN,5,0.05,"sd=0.15,k=100",90,19.3838350364371,0.8695989785030915,0.32947743
PnP-DnCNN,5,0.05,"sd=0.15,k=100",91,19.8262832526593,0.8820638843188601,0.3396101
PnP-DnCNN,5,0.05,"sd=0.15,k=100",92,17.527290286443026,0.8039516066316484,0.57177454
PnP-DnCNN,5,0.05,"sd=0.15,k=100",93,19.733566022132795,0.870750735846756,0.25497565
PnP-DnCNN,5,0.05,"sd=0.15,k=100",94,18.43800432576211,0.8086266100712357,0.36852318
PnP-DnCNN,5,0.05,"sd=0.15,k=100",95,15.87572719471317,0.7843445334256404,0.3760656
PnP-DnCNN,5,0.05,"sd=0.15,k=100",96,19.286936122260453,0.7844628573316299,0.4901434
PnP-DnCNN,5,0.05,"sd=0.15,k=100",97,16.62493717215521,0.7729701182823282,0.4028209
PnP-DnCNN,5,0.05,"sd=0.15,k=100",98,17.77959379641175,0.8539135874807546,0.4170929
PnP-DnCNN,5,0.05,"sd=0.15,k=100",99,19.103527472989384,0.8751495075835423,0.3019239
PnP-DnCNN,5,0.05,"sd=0.15,k=100",100,17.45304873352072,0.8005716297409905,0.52299494
PnP-DnCNN,5,0.05,"sd=0.15,k=100",101,17.434476455020395,0.830558219739844,0.40558794
PnP-DnCNN,5,0.05,"sd=0.15,k=100",102,16.82090407419136,0.812548333723175,0.42620826
PnP-DnCNN,5,0.05,"sd=0.15,k=100",103,16.644063404323738,0.7974504672288163,0.45055667
PnP-DnCNN,5,0.05,"sd=0.15,k=100",104,17.436494023316634,0.7594535850981358,0.44793126
PnP-DnCNN,5,0.05,"sd=0.15,k=100",105,19.404304621002943,0.8380653820912669,0.37199417
PnP-DnCNN,5,0.05,"sd=0.15,k=100",106,13.579334889864255,0.6511757427957371,0.6061668
PnP-DnCNN,5,0.05,"sd=0.15,k=100",107,23.68465236545031,0.9293855416072794,0.27150708
PnP-DnCNN,5,0.05,"sd=0.15,k=100",108,20.314088006295556,0.8987207501541731,0.30887514
PnP-DnCNN,5,0.05,"sd=0.15,k=100",109,14.552930340560978,0.6828761002922445,0.6484231
PnP-DnCNN,5,0.05,"sd=0.15,k=100",110,17.46222196195708,0.7931581839497205,0.38494802
PnP-DnCNN,5,0.05,"sd=0.15,k=100",111,15.63622257581285,0.692440207037052,0.58839285
PnP-DnCNN,5,0.05,"sd=0.15,k=100",112,16.086982010429526,0.7470453892925163,0.5722175
PnP-DnCNN,5,0.05,"sd=0.15,k=100",113,19.191626376644752,0.848973950634163,0.34976262
PnP-DnCNN,5,0.05,"sd=0.15,k=100",114,16.99914814767653,0.7428858305700653,0.5079225
PnP-DnCNN,5,0.05,"sd=0.15,k=100",115,18.58544530746822,0.8209519045877709,0.44201028
PnP-DnCNN,5,0.05,"sd=0.15,k=100",116,16.761143223822582,0.7459774584300655,0.58543026
PnP-DnCNN,5,0.05,"sd=0.15,k=100",117,19.291704520958845,0.8795505278736107,0.3280533
PnP-DnCNN,5,0.05,"sd=0.15,k=100",118,17.972704248601538,0.8470456578589838,0.4918043
PnP-DnCNN,5,0.05,"sd=0.15,k=100",119,17.843839232211675,0.8623828063141709,0.360148
PnP-DnCNN,5,0.05,"sd=0.15,k=100",120,17.84459066761489,0.8712467603878049,0.3185753
PnP-DnCNN,5,0.05,"sd=0.15,k=100",121,20.275347823038135,0.8907491006813405,0.33768755
PnP-DnCNN,5,0.05,"sd=0.15,k=100",122,19.783302319485895,0.8055778527710528,0.43588102
PnP-DnCNN,5,0.05,"sd=0.15,k=100",123,19.059755577911346,0.8495266032112957,0.35079625
PnP-DnCNN,5,0.05,"sd=0.15,k=100",124,18.191761003625523,0.8568285650265555,0.37441257
PnP-DnCNN,5,0.05,"sd=0.15,k=100",125,18.872729974654177,0.8281393800197676,0.41065425
PnP-DnCNN,5,0.05,"sd=0.15,k=100",126,18.293356080451925,0.837689582791111,0.35111907
PnP-DnCNN,5,0.05,"sd=0.15,k=100",127,20.626318815765554,0.853014378437846,0.2767904
PnP-DnCNN,5,0.05,"sd=0.15,k=100",128,15.778829813966446,0.7621416506328748,0.39582148
PnP-DnCNN,5,0.05,"sd=0.15,k=100",129,17.253661370663526,0.790305035132631,0.44922942
PnP-DnCNN,5,0.05,"sd=0.15,k=100",130,16.15876912867689,0.7771146398924678,0.39770612
PnP-DnCNN,5,0.05,"sd=0.15,k=100",131,17.977152520216674,0.8710200195566343,0.30175206
PnP-DnCNN,5,0.05,"sd=0.15,k=100",132,19.258741535418064,0.8982599733997721,0.2691116
PnP-DnCNN,5,0.05,"sd=0.15,k=100",133,16.195275576545406,0.7977062895067117,0.41103116
PnP-DnCNN,5,0.05,"sd=0.15,k=100",134,14.654873137304879,0.6829019188216463,0.53083766
PnP-DnCNN,5,0.05,"sd=0.15,k=100",135,22.382813035906434,0.9464711485630717,0.26957312
PnP-DnCNN,5,0.05,"sd=0.15,k=100",136,19.99126374461156,0.893835972317481,0.3065682
PnP-DnCNN,5,0.05,"sd=0.15,k=100",137,18.07759812541118,0.8523168107208484,0.41260755
PnP-DnCNN,5,0.05,"sd=0.15,k=100",138,18.909803722350873,0.8971556383069635,0.3287526
PnP-DnCNN,5,0.05,"sd=0.15,k=100",139,18.442767340756134,0.8637916022865486,0.36221498
PnP-DnCNN,5,0.05,"sd=0.15,k=100",140,16.229221700694573,0.7733372700540637,0.63095933
PnP-DnCNN,5,0.05,"sd=0.15,k=100",141,12.59961148864959,0.4673145524403022,0.85283357
PnP-DnCNN,5,0.05,"sd=0.15,k=100",142,15.316529002597756,0.6715072225476831,0.5661533
PnP-DnCNN,5,0.05,"sd=0.15,k=100",143,22.08766813143676,0.9225935170827203,0.35966635
PnP-DnCNN,5,0.05,"sd=0.15,k=100",144,17.119384055658113,0.7780965772679428,0.42940944
PnP-DnCNN,5,0.05,"sd=0.15,k=100",145,22.703353369642056,0.8539451863039439,0.33906302
PnP-DnCNN,5,0.05,"sd=0.15,k=100",146,16.28427782758874,0.779209971334653,0.41836667
PnP-DnCNN,5,0.05,"sd=0.15,k=100",147,16.652238337190436,0.8038068739195235,0.3563023
PnP-DnCNN,5,0.05,"sd=0.15,k=100",148,18.041764901094513,0.8605405605071723,0.39786348
PnP-DnCNN,5,0.05,"sd=0.15,k=100",149,15.063488301781256,0.6681677783179878,0.6979137
PnP-DnCNN,5,0.05,"sd=0.15,k=100",150,14.014098039752223,0.6400808349788364,0.63708985
PnP-DnCNN,5,0.05,"sd=0.15,k=100",151,14.668443312346138,0.7621045651617163,0.51885027
PnP-DnCNN,5,0.05,"sd=0.15,k=100",152,15.378999780110226,0.7249028843958393,0.597226
PnP-DnCNN,5,0.05,"sd=0.15,k=100",153,16.25773611907832,0.7132419531468364,0.5529554
PnP-DnCNN,5,0.05,"sd=0.15,k=100",154,23.87563333525288,0.9130425200574408,0.31511435
PnP-DnCNN,5,0.05,"sd=0.15,k=100",155,17.17562609278471,0.7879780525103989,0.38273683
PnP-DnCNN,5,0.05,"sd=0.15,k=100",156,19.463894330279633,0.9136002958051799,0.35531682
PnP-DnCNN,5,0.05,"sd=0.15,k=100",157,16.704289681777198,0.8061912507945643,0.46108848
PnP-DnCNN,5,0.05,"sd=0.15,k=100",158,18.26829255731902,0.8661162108413814,0.38823232
PnP-DnCNN,5,0.05,"sd=0.15,k=100",159,16.143344848206876,0.7350309721575684,0.6326748
PnP-DnCNN,5,0.05,"sd=0.15,k=100",160,16.520320736791827,0.7490570677819802,0.45532542
PnP-DnCNN,5,0.05,"sd=0.15,k=100",161,18.85628973323905,0.8810304455643843,0.34936026
PnP-DnCNN,5,0.05,"sd=0.15,k=100",162,17.5591333602118,0.830778338737083,0.33741507
PnP-DnCNN,5,0.05,"sd=0.15,k=100",163,19.210895986121848,0.859310787473709,0.29928336
PnP-DnCNN,5,0.05,"sd=0.15,k=100",164,15.976682061737753,0.7479924381550518,0.51831067
PnP-DnCNN,5,0.05,"sd=0.15,k=100",165,16.502507334725752,0.7602842866740991,0.4108503
PnP-DnCNN,5,0.05,"sd=0.15,k=100",166,11.865499530544401,0.4433425880962197,0.86384034
PnP-DnCNN,5,0.05,"sd=0.15,k=100",167,15.585812508498249,0.6460534189555042,0.6165444
PnP-DnCNN,5,0.05,"sd=0.15,k=100",168,20.78358277373962,0.9017631267120462,0.36924514
PnP-DnCNN,5,0.05,"sd=0.15,k=100",169,16.858600226478774,0.7085025710617658,0.50588894
PnP-DnCNN,5,0.05,"sd=0.15,k=100",170,16.972907216594393,0.7405553433624643,0.545071
PnP-DnCNN,5,0.05,"sd=0.15,k=100",171,19.656802849451175,0.893897107169263,0.26918137
PnP-DnCNN,5,0.05,"sd=0.15,k=100",172,18.709381434459306,0.8534959091185322,0.31593087
PnP-DnCNN,5,0.05,"sd=0.15,k=100",173,14.482758256953037,0.5907169741825903,0.6898471
PnP-DnCNN,5,0.05,"sd=0.15,k=100",174,16.77194766571629,0.810880434786668,0.46147707
PnP-DnCNN,5,0.05,"sd=0.15,k=100",175,16.33435612278649,0.634402251474185,0.91134167
PnP-DnCNN,5,0.05,"sd=0.15,k=100",176,24.207563272081373,0.9190211270527899,0.36612386
PnP-DnCNN,5,0.05,"sd=0.15,k=100",177,18.608360263287803,0.8917850931829288,0.35186985
PnP-DnCNN,5,0.05,"sd=0.15,k=100",178,21.496763462554703,0.8257339923500785,0.34926105
PnP-DnCNN,5,0.05,"sd=0.15,k=100",179,16.59035374756272,0.8154961580048846,0.39218226
PnP-DnCNN,5,0.05,"sd=0.15,k=100",180,21.06920321907665,0.894104408323457,0.3918875
PnP-DnCNN,5,0.05,"sd=0.15,k=100",181,15.925214869551871,0.8034264157133654,0.43761292
PnP-DnCNN,5,0.05,"sd=0.15,k=100",182,17.438740925451363,0.7576445093710232,0.4875562
PnP-DnCNN,5,0.05,"sd=0.15,k=100",183,20.377292687976805,0.933272702388527,0.23360023
PnP-DnCNN,5,0.05,"sd=0.15,k=100",184,13.74023382294787,0.5983183834395585,0.65357965
PnP-DnCNN,5,0.05,"sd=0.15,k=100",185,13.821791435853765,0.67658077577256,0.66378546
PnP-DnCNN,5,0.05,"sd=0.15,k=100",186,19.771050233884452,0.8897421898874492,0.24538322
PnP-DnCNN,5,0.05,"sd=0.15,k=100",187,18.712225364120712,0.868620411115737,0.338661
PnP-DnCNN,5,0.05,"sd=0.15,k=100",188,18.330634959538305,0.8830175151171025,0.29700914
PnP-DnCNN,5,0.05,"sd=0.15,k=100",189,15.959600160843983,0.701106630918324,0.8370715
PnP-DnCNN,5,0.05,"sd=0.15,k=100",190,20.287451964259997,0.9018849489810176,0.31495592
PnP-DnCNN,5,0.05,"sd=0.15,k=100",191,21.68608719822273,0.8992764725896322,0.35303572
PnP-DnCNN,5,0.05,"sd=0.15,k=100",192,18.65764403599251,0.8638980173563449,0.3294946
PnP-DnCNN,5,0.05,"sd=0.15,k=100",193,16.627082416162892,0.8248685419882748,0.5099946
PnP-DnCNN,5,0.05,"sd=0.15,k=100",194,19.487936802599727,0.8862133292192189,0.296771
PnP-DnCNN,5,0.05,"sd=0.15,k=100",195,15.55683195319816,0.582411671342068,0.7999045
PnP-DnCNN,5,0.05,"sd=0.15,k=100",196,20.58447957878716,0.8853958596523889,0.3190733
PnP-DnCNN,5,0.05,"sd=0.15,k=100",197,19.713496907729684,0.8969571268770936,0.2739778
PnP-DnCNN,5,0.05,"sd=0.15,k=100",198,16.458129321012983,0.7638763989690376,0.53501385
PnP-DnCNN,5,0.05,"sd=0.15,k=100",199,19.84825668258287,0.8615901125152403,0.24528468
PnP-DnCNN,10,0.05,"sd=0.1,k=25",0,16.941757309828134,0.7941322708478359,0.5176354
PnP-DnCNN,10,0.05,"sd=0.1,k=25",1,20.190853003408247,0.8948277824419774,0.2778732
PnP-DnCNN,10,0.05,"sd=0.1,k=25",2,26.984641734691273,0.9619399851634483,0.22612011
PnP-DnCNN,10,0.05,"sd=0.1,k=25",3,22.084315521402456,0.9506922263867599,0.19331606
PnP-DnCNN,10,0.05,"sd=0.1,k=25",4,20.930002788363478,0.8613063459475101,0.3214838
PnP-DnCNN,10,0.05,"sd=0.1,k=25",5,23.50650219690835,0.9497408909830919,0.27430654
PnP-DnCNN,10,0.05,"sd=0.1,k=25",6,21.4608139892176,0.9180973012015716,0.28813624
PnP-DnCNN,10,0.05,"sd=0.1,k=25",7,21.292862796582153,0.9212061036993896,0.2890876
PnP-DnCNN,10,0.05,"sd=0.1,k=25",8,19.352657514345378,0.8898172727439645,0.29497397
PnP-DnCNN,10,0.05,"sd=0.1,k=25",9,20.610715957510916,0.9066533288189156,0.25335065
PnP-DnCNN,10,0.05,"sd=0.1,k=25",10,21.656342043352073,0.9166697377015737,0.23406526
PnP-DnCNN,10,0.05,"sd=0.1,k=25",11,18.635878612346225,0.8825426448659957,0.35060602
PnP-DnCNN,10,0.05,"sd=0.1,k=25",12,21.05767762993477,0.9079271391926964,0.28738305
PnP-DnCNN,10,0.05,"sd=0.1,k=25",13,22.672276230037603,0.942584049064389,0.208139
PnP-DnCNN,10,0.05,"sd=0.1,k=25",14,20.089233596587324,0.9013048071849106,0.3626654
PnP-DnCNN,10,0.05,"sd=0.1,k=25",15,17.7437986433651,0.7651634621530125,0.4410577
PnP-DnCNN,10,0.05,"sd=0.1,k=25",16,21.476750659631524,0.9302601171734411,0.2719795
PnP-DnCNN,10,0.05,"sd=0.1,k=25",17,24.698559498567917,0.9545788645805898,0.18658689
PnP-DnCNN,10,0.05,"sd=0.1,k=25",18,20.010845925321444,0.9310895709767322,0.25635463
PnP-DnCNN,10,0.05,"sd=0.1,k=25",19,20.425495009906616,0.8597367272427505,0.37780175
PnP-DnCNN,10,0.05,"sd=0.1,k=25",20,22.602001645518012,0.9286536636939349,0.21332955
PnP-DnCNN,10,0.05,"sd=0.1,k=25",21,22.775930632076054,0.9349116171317652,0.23822214
PnP-DnCNN,10,0.05,"sd=0.1,k=25",22,20.97231798902001,0.9230388852898493,0.2857531
PnP-DnCNN,10,0.05,"sd=0.1,k=25",23,20.84348959427921,0.9068224777521428,0.31401715
PnP-DnCNN,10,0.05,"sd=0.1,k=25",24,20.46986425565602,0.8493466517553195,0.43710884
PnP-DnCNN,10,0.05,"sd=0.1,k=25",25,17.58019846528046,0.9067231239674013,0.26884684
PnP-DnCNN,10,0.05,"sd=0.1,k=25",26,22.163384586671494,0.9302211818246802,0.31642237
PnP-DnCNN,10,0.05,"sd=0.1,k=25",27,22.662738280891183,0.9321497128583676,0.2409032
PnP-DnCNN,10,0.05,"sd=0.1,k=25",28,21.92126256009685,0.9305213335131811,0.20615561
PnP-DnCNN,10,0.05,"sd=0.1,k=25",29,21.886729213739894,0.9163171032063369,0.3450146
PnP-DnCNN,10,0.05,"sd=0.1,k=25",30,22.16382656813372,0.9100302421865015,0.23769522
PnP-DnCNN,10,0.05,"sd=0.1,k=25",31,20.93238188281648,0.8223633864418987,0.42316687
PnP-DnCNN,10,0.05,"sd=0.1,k=25",32,21.501319495722605,0.8910552313289613,0.25079763
PnP-DnCNN,10,0.05,"sd=0.1,k=25",33,20.631265589324205,0.8789031046619715,0.29151013
PnP-DnCNN,10,0.05,"sd=0.1,k=25",34,24.879373147866076,0.9495907334749364,0.16818723
PnP-DnCNN,10,0.05,"sd=0.1,k=25",35,20.237307159129138,0.8835757700110639,0.27824104
PnP-DnCNN,10,0.05,"sd=0.1,k=25",36,19.822488206105177,0.8337351536146876,0.33571213
PnP-DnCNN,10,0.05,"sd=0.1,k=25",37,28.995506665142862,0.9743113150773954,0.14496931
PnP-DnCNN,10,0.05,"sd=0.1,k=25",38,19.281224203314125,0.825410897855085,0.39788103
PnP-DnCNN,10,0.05,"sd=0.1,k=25",39,24.197025515627544,0.9412541061886086,0.21664558
PnP-DnCNN,10,0.05,"sd=0.1,k=25",40,22.775422010121634,0.8983304709473179,0.44362888
PnP-DnCNN,10,0.05,"sd=0.1,k=25",41,21.818687216339477,0.9170484275303104,0.3117133
PnP-DnCNN,10,0.05,"sd=0.1,k=25",42,20.608918411786277,0.8980814090983804,0.29066685
PnP-DnCNN,10,0.05,"sd=0.1,k=25",43,19.37396405328097,0.8594634367368561,0.4268796
PnP-DnCNN,10,0.05,"sd=0.1,k=25",44,21.799225860479353,0.8910887872045936,0.2874816
PnP-DnCNN,10,0.05,"sd=0.1,k=25",45,17.777181897933513,0.7530000784716036,0.46456787
PnP-DnCNN,10,0.05,"sd=0.1,k=25",46,23.78370366136871,0.9495794301436953,0.22259434
PnP-DnCNN,10,0.05,"sd=0.1,k=25",47,18.260324838637683,0.7855066830059754,0.4928128
PnP-DnCNN,10,0.05,"sd=0.1,k=25",48,21.31646077245165,0.925351798811481,0.20457876
PnP-DnCNN,10,0.05,"sd=0.1,k=25",49,21.13887655726494,0.8810857473348253,0.27366176
PnP-DnCNN,10,0.05,"sd=0.1,k=25",50,21.255947737983725,0.9225831310580338,0.29976258
PnP-DnCNN,10,0.05,"sd=0.1,k=25",51,20.543154388196015,0.9234135048694847,0.23086739
PnP-DnCNN,10,0.05,"sd=0.1,k=25",52,22.73516759569675,0.9328980530373567,0.23583291
PnP-DnCNN,10,0.05,"sd=0.1,k=25",53,21.71625715057275,0.887122528104127,0.32884797
PnP-DnCNN,10,0.05,"sd=0.1,k=25",54,18.336317252146856,0.9035882883943802,0.3191691
PnP-DnCNN,10,0.05,"sd=0.1,k=25",55,21.929684137718787,0.9193557727190066,0.23210563
PnP-DnCNN,10,0.05,"sd=0.1,k=25",56,21.25558369644598,0.9197673826547693,0.24884136
PnP-DnCNN,10,0.05,"sd=0.1,k=25",57,23.484639774916644,0.9386103502926917,0.3239933
PnP-DnCNN,10,0.05,"sd=0.1,k=25",58,23.925699752766203,0.9395347180630057,0.19110239
PnP-DnCNN,10,0.05,"sd=0.1,k=25",59,20.275706035386275,0.8484935492261751,0.45306492
PnP-DnCNN,10,0.05,"sd=0.1,k=25",60,23.095286714490083,0.9445246873685151,0.20548233
PnP-DnCNN,10,0.05,"sd=0.1,k=25",61,18.551930529203908,0.881307732082965,0.3189618
PnP-DnCNN,10,0.05,"sd=0.1,k=25",62,20.849184417497888,0.8602639467894169,0.40259734
PnP-DnCNN,10,0.05,"sd=0.1,k=25",63,19.83781253793922,0.8680515444639316,0.3369495
PnP-DnCNN,10,0.05,"sd=0.1,k=25",64,20.9472866054794,0.9205826729351332,0.24416196
PnP-DnCNN,10,0.05,"sd=0.1,k=25",65,18.53171927645342,0.7926185984653469,0.51568055
PnP-DnCNN,10,0.05,"sd=0.1,k=25",66,19.872865543354898,0.9028382307180196,0.32951897
PnP-DnCNN,10,0.05,"sd=0.1,k=25",67,19.53828313039905,0.8405776534841419,0.35194144
PnP-DnCNN,10,0.05,"sd=0.1,k=25",68,19.832443399678535,0.9287008470124449,0.25306803
PnP-DnCNN,10,0.05,"sd=0.1,k=25",69,18.693852911384393,0.8262509040899256,0.33288887
PnP-DnCNN,10,0.05,"sd=0.1,k=25",70,23.85981172527558,0.9589149424236668,0.20567967
PnP-DnCNN,10,0.05,"sd=0.1,k=25",71,21.13035705310798,0.947729664616102,0.20477207
PnP-DnCNN,10,0.05,"sd=0.1,k=25",72,21.62349867458267,0.9224682105166361,0.24519476
PnP-DnCNN,10,0.05,"sd=0.1,k=25",73,22.793251487208135,0.949135368859226,0.19960324
PnP-DnCNN,10,0.05,"sd=0.1,k=25",74,24.31658112164137,0.9611331604051688,0.2394012
PnP-DnCNN,10,0.05,"sd=0.1,k=25",75,21.66530697958954,0.9062309468334372,0.26467797
PnP-DnCNN,10,0.05,"sd=0.1,k=25",76,19.72491924990735,0.8381550395300839,0.38306138
PnP-DnCNN,10,0.05,"sd=0.1,k=25",77,21.587482066915452,0.9197110946882855,0.31127933
PnP-DnCNN,10,0.05,"sd=0.1,k=25",78,21.341670423299405,0.9108118580207845,0.29126978
PnP-DnCNN,10,0.05,"sd=0.1,k=25",79,23.741169297323367,0.9527692610382541,0.15482847
PnP-DnCNN,10,0.05,"sd=0.1,k=25",80,21.70327201663891,0.8936565588906692,0.27360672
PnP-DnCNN,10,0.05,"sd=0.1,k=25",81,21.43153323276446,0.9336567787715226,0.25112522
PnP-DnCNN,10,0.05,"sd=0.1,k=25",82,20.589841563326587,0.8850249868040964,0.24183927
PnP-DnCNN,10,0.05,"sd=0.1,k=25",83,19.986744422500006,0.8712613078465393,0.36631897
PnP-DnCNN,10,0.05,"sd=0.1,k=25",84,21.396132576317598,0.9194008762494099,0.25008637
PnP-DnCNN,10,0.05,"sd=0.1,k=25",85,20.503911971147488,0.8823205936057417,0.23381385
PnP-DnCNN,10,0.05,"sd=0.1,k=25",86,19.69819354665047,0.8722647718000979,0.30605084
PnP-DnCNN,10,0.05,"sd=0.1,k=25",87,19.70375855334465,0.8950992994518443,0.30343536
PnP-DnCNN,10,0.05,"sd=0.1,k=25",88,21.12027229003241,0.9386232285337015,0.25723726
PnP-DnCNN,10,0.05,"sd=0.1,k=25",89,24.538904371692283,0.952710211215433,0.2186957
PnP-DnCNN,10,0.05,"sd=0.1,k=25",90,22.09059922785595,0.9386488356250376,0.24126118
PnP-DnCNN,10,0.05,"sd=0.1,k=25",91,20.94436833285409,0.9008727032446624,0.29859075
PnP-DnCNN,10,0.05,"sd=0.1,k=25",92,19.080688876949132,0.8393415522930975,0.47813982
PnP-DnCNN,10,0.05,"sd=0.1,k=25",93,20.5707493155268,0.8958615632247889,0.2315472
PnP-DnCNN,10,0.05,"sd=0.1,k=25",94,24.271580692223495,0.9443021715399309,0.1882721
PnP-DnCNN,10,0.05,"sd=0.1,k=25",95,19.734170088275576,0.8937819346446161,0.24118012
PnP-DnCNN,10,0.05,"sd=0.1,k=25",96,23.835887186038413,0.9376465844313714,0.2903191
PnP-DnCNN,10,0.05,"sd=0.1,k=25",97,19.642922092362884,0.8526428443618304,0.28458548
PnP-DnCNN,10,0.05,"sd=0.1,k=25",98,21.81724918745339,0.9018090086188629,0.26202938
PnP-DnCNN,10,0.05,"sd=0.1,k=25",99,22.534584097186645,0.9439024184484127,0.20339704
PnP-DnCNN,10,0.05,"sd=0.1,k=25",100,16.174265782970277,0.7513663718738586,0.60594976
PnP-DnCNN,10,0.05,"sd=0.1,k=25",101,21.40243445374721,0.9301315399487157,0.25685444
PnP-DnCNN,10,0.05,"sd=0.1,k=25",102,20.386579782399018,0.891018899696425,0.282708
PnP-DnCNN,10,0.05,"sd=0.1,k=25",103,19.57436823788527,0.8639963597726353,0.32153937
PnP-DnCNN,10,0.05,"sd=0.1,k=25",104,22.278598186111648,0.9167124704757997,0.2565111
PnP-DnCNN,10,0.05,"sd=0.1,k=25",105,25.24776493792318,0.952026100090343,0.18982923
PnP-DnCNN,10,0.05,"sd=0.1,k=25",106,18.43799304390992,0.8543419526381926,0.3464649
PnP-DnCNN,10,0.05,"sd=0.1,k=25",107,24.503845557795955,0.9368814932151643,0.24707085
PnP-DnCNN,10,0.05,"sd=0.1,k=25",108,19.861988317323963,0.8992419667649737,0.32537782
PnP-DnCNN,10,0.05,"sd=0.1,k=25",109,21.121667716749535,0.9062703192418764,0.30438384
PnP-DnCNN,10,0.05,"sd=0.1,k=25",110,20.918262383385713,0.9068355078477998,0.25858307
PnP-DnCNN,10,0.05,"sd=0.1,k=25",111,23.506268318717556,0.9299792344720403,0.23777442
PnP-DnCNN,10,0.05,"sd=0.1,k=25",112,22.070622138705986,0.8897882225761605,0.2873288
PnP-DnCNN,10,0.05,"sd=0.1,k=25",113,22.965787910786627,0.9421819210791391,0.22649848
PnP-DnCNN,10,0.05,"sd=0.1,k=25",114,20.21810479731503,0.882317101191306,0.3506304
PnP-DnCNN,10,0.05,"sd=0.1,k=25",115,22.725680941843386,0.9333907765574938,0.27442306
PnP-DnCNN,10,0.05,"sd=0.1,k=25",116,22.345294078271614,0.9041729196444277,0.3077993
PnP-DnCNN,10,0.05,"sd=0.1,k=25",117,21.572910388336197,0.928853786373434,0.25228074
PnP-DnCNN,10,0.05,"sd=0.1,k=25",118,22.542053674913525,0.9355434451467735,0.29061955
PnP-DnCNN,10,0.05,"sd=0.1,k=25",119,22.119031863146958,0.9301838393992752,0.22015138
PnP-DnCNN,10,0.05,"sd=0.1,k=25",120,21.802104924599732,0.9145997435254746,0.20199302
PnP-DnCNN,10,0.05,"sd=0.1,k=25",121,21.620722980959407,0.924703277601314,0.28923196
PnP-DnCNN,10,0.05,"sd=0.1,k=25",122,20.891285351704127,0.85486310461131,0.3836797
PnP-DnCNN,10,0.05,"sd=0.1,k=25",123,20.89814331812846,0.9016780274004237,0.2838805
PnP-DnCNN,10,0.05,"sd=0.1,k=25",124,22.91377180229963,0.9442725645855439,0.21739519
PnP-DnCNN,10,0.05,"sd=0.1,k=25",125,20.46644602988208,0.891791140201717,0.3418145
PnP-DnCNN,10,0.05,"sd=0.1,k=25",126,21.499592942212242,0.9294829045938067,0.24274069
PnP-DnCNN,10,0.05,"sd=0.1,k=25",127,23.049076660491853,0.9354934647279091,0.2094176
PnP-DnCNN,10,0.05,"sd=0.1,k=25",128,20.897614801454544,0.9043318650200347,0.21956347
PnP-DnCNN,10,0.05,"sd=0.1,k=25",129,22.77959541854642,0.9239105481562043,0.23777792
PnP-DnCNN,10,0.05,"sd=0.1,k=25",130,20.84180088781627,0.9266116041228298,0.23195873
PnP-DnCNN,10,0.05,"sd=0.1,k=25",131,18.07592660306426,0.8841039581986313,0.29834002
PnP-DnCNN,10,0.05,"sd=0.1,k=25",132,19.286165125831285,0.9020379065605234,0.26826328
PnP-DnCNN,10,0.05,"sd=0.1,k=25",133,22.251797472518234,0.9195146926270783,0.2046674
PnP-DnCNN,10,0.05,"sd=0.1,k=25",134,20.710293093691227,0.9062216454147061,0.26435694
PnP-DnCNN,10,0.05,"sd=0.1,k=25",135,28.408160376649363,0.9646230872320242,0.13471292
PnP-DnCNN,10,0.05,"sd=0.1,k=25",136,21.566015544748037,0.9096807970180492,0.2557346
PnP-DnCNN,10,0.05,"sd=0.1,k=25",137,24.393072576086116,0.9551940170262964,0.19941759
PnP-DnCNN,10,0.05,"sd=0.1,k=25",138,19.86909888722457,0.9258475706350705,0.2943774
PnP-DnCNN,10,0.05,"sd=0.1,k=25",139,19.088682980327608,0.8780839200793527,0.33625647
PnP-DnCNN,10,0.05,"sd=0.1,k=25",140,19.511153359394807,0.8478913993886402,0.432419
PnP-DnCNN,10,0.05,"sd=0.1,k=25",141,19.333715460234362,0.8822817095452059,0.3927888
PnP-DnCNN,10,0.05,"sd=0.1,k=25",142,20.66803481009732,0.8979321133253003,0.30574456
PnP-DnCNN,10,0.05,"sd=0.1,k=25",143,21.330468342820073,0.9150260132698973,0.39242783
PnP-DnCNN,10,0.05,"sd=0.1,k=25",144,20.78357784075739,0.8721780881563718,0.28161895
PnP-DnCNN,10,0.05,"sd=0.1,k=25",145,26.842271557969987,0.9527096732342539,0.21053992
PnP-DnCNN,10,0.05,"sd=0.1,k=25",146,18.525713512102545,0.8408979824024988,0.3232104
PnP-DnCNN,10,0.05,"sd=0.1,k=25",147,20.767311127738086,0.9176491461694241,0.22185282
PnP-DnCNN,10,0.05,"sd=0.1,k=25",148,23.189292803708177,0.9535476648487335,0.21996707
PnP-DnCNN,10,0.05,"sd=0.1,k=25",149,20.377945573735158,0.8918265674170877,0.37851128
PnP-DnCNN,10,0.05,"sd=0.1,k=25",150,22.041986394585358,0.9285314954848083,0.252817
PnP-DnCNN,10,0.05,"sd=0.1,k=25",151,18.34654841872178,0.8835578216316778,0.3397323
PnP-DnCNN,10,0.05,"sd=0.1,k=25",152,19.677132058557874,0.8802863985053764,0.36410958
PnP-DnCNN,10,0.05,"sd=0.1,k=25",153,22.62676819292296,0.9266457747329365,0.26560637
PnP-DnCNN,10,0.05,"sd=0.1,k=25",154,24.02266235167739,0.93562517903191,0.30982524
PnP-DnCNN,10,0.05,"sd=0.1,k=25",155,21.32078054957543,0.924680236419124,0.23748846
PnP-DnCNN,10,0.05,"sd=0.1,k=25",156,22.235298806558067,0.9448018832024464,0.2582531
PnP-DnCNN,10,0.05,"sd=0.1,k=25",157,21.907086116221514,0.928615100928082,0.25330538
PnP-DnCNN,10,0.05,"sd=0.1,k=25",158,20.032194051514463,0.9015768640482229,0.3168813
PnP-DnCNN,10,0.05,"sd=0.1,k=25",159,24.380417701626914,0.932087757451506,0.24509075
PnP-DnCNN,10,0.05,"sd=0.1,k=25",160,21.767303016573084,0.9261710021167624,0.2488701
PnP-DnCNN,10,0.05,"sd=0.1,k=25",161,19.924782522488638,0.8826907449825243,0.30892205
PnP-DnCNN,10,0.05,"sd=0.1,k=25",162,23.609328142236787,0.956464395819863,0.16813368
PnP-DnCNN,10,0.05,"sd=0.1,k=25",163,20.73480214255737,0.8933756541391481,0.25112346
PnP-DnCNN,10,0.05,"sd=0.1,k=25",164,21.871526339561477,0.9257686253914164,0.2629347
PnP-DnCNN,10,0.05,"sd=0.1,k=25",165,22.074430280913774,0.9461428084957205,0.2163154
PnP-DnCNN,10,0.05,"sd=0.1,k=25",166,18.406665393668558,0.8352023148254977,0.40679458
PnP-DnCNN,10,0.05,"sd=0.1,k=25",167,19.250783247062234,0.8466607409778093,0.40431124
PnP-DnCNN,10,0.05,"sd=0.1,k=25",168,25.169831397059404,0.944093695818639,0.22284472
PnP-DnCNN,10,0.05,"sd=0.1,k=25",169,18.653115203577215,0.7666020966746807,0.41146174
PnP-DnCNN,10,0.05,"sd=0.1,k=25",170,19.983946692103075,0.764302196692024,0.38539058
PnP-DnCNN,10,0.05,"sd=0.1,k=25",171,22.01554073398558,0.9184983952330764,0.20516728
PnP-DnCNN,10,0.05,"sd=0.1,k=25",172,22.875786567254067,0.9426277910151388,0.1955563
PnP-DnCNN,10,0.05,"sd=0.1,k=25",173,16.42104427231193,0.7181708477547124,0.5518723
PnP-DnCNN,10,0.05,"sd=0.1,k=25",174,19.100613649954497,0.8505649047553508,0.35295296
PnP-DnCNN,10,0.05,"sd=0.1,k=25",175,20.27913479152113,0.7960083796668578,0.57868505
PnP-DnCNN,10,0.05,"sd=0.1,k=25",176,23.347238288231004,0.9160796155044733,0.40424463
PnP-DnCNN,10,0.05,"sd=0.1,k=25",177,22.222212630055942,0.9395588725990007,0.23210765
PnP-DnCNN,10,0.05,"sd=0.1,k=25",178,24.98522702622256,0.9418098612511454,0.23373674
PnP-DnCNN,10,0.05,"sd=0.1,k=25",179,20.958745620733144,0.9137003438870522,0.23717472
PnP-DnCNN,10,0.05,"sd=0.1,k=25",180,24.97523192698568,0.9423851113427769,0.24995393
PnP-DnCNN,10,0.05,"sd=0.1,k=25",181,22.610473002549583,0.9365439357251422,0.2026876
PnP-DnCNN,10,0.05,"sd=0.1,k=25",182,22.621635075642335,0.9334230327378373,0.2684602
PnP-DnCNN,10,0.05,"sd=0.1,k=25",183,21.31392494163825,0.9510872888663584,0.20972085
PnP-DnCNN,10,0.05,"sd=0.1,k=25",184,19.459841139508768,0.8744811547481386,0.33831257
PnP-DnCNN,10,0.05,"sd=0.1,k=25",185,22.136887207143662,0.9141381407775464,0.25484315
PnP-DnCNN,10,0.05,"sd=0.1,k=25",186,20.81361778725347,0.9094935501090415,0.21762885
PnP-DnCNN,10,0.05,"sd=0.1,k=25",187,18.203383681512207,0.8460798130008923,0.3590932
PnP-DnCNN,10,0.05,"sd=0.1,k=25",188,24.699511852037986,0.9659669290889393,0.14266782
PnP-DnCNN,10,0.05,"sd=0.1,k=25",189,24.641730244308157,0.9439309877304991,0.30807468
PnP-DnCNN,10,0.05,"sd=0.1,k=25",190,20.477551662223526,0.8792954111289693,0.30813769
PnP-DnCNN,10,0.05,"sd=0.1,k=25",191,24.362812402598223,0.9432160922995776,0.2594074
PnP-DnCNN,10,0.05,"sd=0.1,k=25",192,23.858751453291855,0.9698630313981663,0.18104768
PnP-DnCNN,10,0.05,"sd=0.1,k=25",193,16.196187787934907,0.7522213367995669,0.53593284
PnP-DnCNN,10,0.05,"sd=0.1,k=25",194,20.940010697050777,0.9351882281874823,0.25108325
PnP-DnCNN,10,0.05,"sd=0.1,k=25",195,18.80649821029004,0.8121045435998158,0.5502434
PnP-DnCNN,10,0.05,"sd=0.1,k=25",196,24.71968278206738,0.9684562779162541,0.19821218
PnP-DnCNN,10,0.05,"sd=0.1,k=25",197,23.386716435684875,0.9322271135689553,0.17949584
PnP-DnCNN,10,0.05,"sd=0.1,k=25",198,24.39324011898578,0.9380933034949559,0.21459001
PnP-DnCNN,10,0.05,"sd=0.1,k=25",199,20.72593818136783,0.8741395199077405,0.22171053
PnP-DnCNN,20,0.05,"sd=0.1,k=5",0,26.32868111228923,0.9501300978451228,0.17566197
PnP-DnCNN,20,0.05,"sd=0.1,k=5",1,24.250382527986616,0.971896709119978,0.17412862
PnP-DnCNN,20,0.05,"sd=0.1,k=5",2,25.93876827183739,0.9609777058574779,0.2550544
PnP-DnCNN,20,0.05,"sd=0.1,k=5",3,22.769022166924856,0.9533753279627355,0.17866217
PnP-DnCNN,20,0.05,"sd=0.1,k=5",4,24.64604752018299,0.9437603406792829,0.20958337
PnP-DnCNN,20,0.05,"sd=0.1,k=5",5,27.18398676765458,0.9740384423043117,0.17962298
PnP-DnCNN,20,0.05,"sd=0.1,k=5",6,23.662928418492477,0.9376613935532648,0.22361049
PnP-DnCNN,20,0.05,"sd=0.1,k=5",7,24.35462358967852,0.9511460113254461,0.20320827
PnP-DnCNN,20,0.05,"sd=0.1,k=5",8,23.793550038829373,0.9596103023399006,0.17690457
PnP-DnCNN,20,0.05,"sd=0.1,k=5",9,22.256832786425292,0.9478432608167987,0.20961201
PnP-DnCNN,20,0.05,"sd=0.1,k=5",10,24.089855040026475,0.9520831209076338,0.17687291
PnP-DnCNN,20,0.05,"sd=0.1,k=5",11,23.17895474366601,0.95031376686409,0.2078096
PnP-DnCNN,20,0.05,"sd=0.1,k=5",12,22.82242633659601,0.9509525053387831,0.23454368
PnP-DnCNN,20,0.05,"sd=0.1,k=5",13,24.84365575230285,0.9606957914969645,0.16210055
PnP-DnCNN,20,0.05,"sd=0.1,k=5",14,26.5632730669202,0.9684589134513839,0.1721092
PnP-DnCNN,20,0.05,"sd=0.1,k=5",15,23.420812610960965,0.9058465560790429,0.2294271
PnP-DnCNN,20,0.05,"sd=0.1,k=5",16,23.74113719164752,0.9575009391573835,0.20956409
PnP-DnCNN,20,0.05,"sd=0.1,k=5",17,26.744669849427922,0.9681341651488434,0.14742652
PnP-DnCNN,20,0.05,"sd=0.1,k=5",18,21.958504495936282,0.9516209985845345,0.2048605
PnP-DnCNN,20,0.05,"sd=0.1,k=5",19,25.32500193744369,0.9556784667998306,0.21492583
PnP-DnCNN,20,0.05,"sd=0.1,k=5",20,21.56240584992684,0.9296087783391872,0.24045333
PnP-DnCNN,20,0.05,"sd=0.1,k=5",21,24.701980888695175,0.9549235276693155,0.19084449
PnP-DnCNN,20,0.05,"sd=0.1,k=5",22,22.582222429756555,0.9373304533410417,0.2374082
PnP-DnCNN,20,0.05,"sd=0.1,k=5",23,22.80062832634961,0.9288729924308367,0.25066656
PnP-DnCNN,20,0.05,"sd=0.1,k=5",24,21.400638040209692,0.8326289290081217,0.39269096
PnP-DnCNN,20,0.05,"sd=0.1,k=5",25,22.09936296554053,0.9559903599568143,0.15978895
PnP-DnCNN,20,0.05,"sd=0.1,k=5",26,22.77929887000722,0.9363331068768974,0.294762
PnP-DnCNN,20,0.05,"sd=0.1,k=5",27,25.697906897298218,0.9661582247777418,0.16985726
PnP-DnCNN,20,0.05,"sd=0.1,k=5",28,23.939043507248144,0.9594044959372725,0.16342036
PnP-DnCNN,20,0.05,"sd=0.1,k=5",29,27.571241965342313,0.9761508582544721,0.17931302
PnP-DnCNN,20,0.05,"sd=0.1,k=5",30,24.864215923953005,0.9401335678840718,0.17418107
PnP-DnCNN,20,0.05,"sd=0.1,k=5",31,25.34190201851792,0.9601543322205544,0.25470394
PnP-DnCNN,20,0.05,"sd=0.1,k=5",32,23.43782270961468,0.9379498288959018,0.2006773
PnP-DnCNN,20,0.05,"sd=0.1,k=5",33,23.803698531512843,0.9288894134796848,0.20231685
PnP-DnCNN,20,0.05,"sd=0.1,k=5",34,25.65286013798216,0.9614317914979025,0.15385751
PnP-DnCNN,20,0.05,"sd=0.1,k=5",35,23.51098269037957,0.9547178165078902,0.19086988
PnP-DnCNN,20,0.05,"sd=0.1,k=5",36,22.46560027007838,0.9116088838281864,0.24763466
PnP-DnCNN,20,0.05,"sd=0.1,k=5",37,30.390726031845155,0.9821939670349941,0.12345682
PnP-DnCNN,20,0.05,"sd=0.1,k=5",38,23.802859689970223,0.9356640633349577,0.23641308
PnP-DnCNN,20,0.05,"sd=0.1,k=5",39,25.338576251921797,0.9572473422985924,0.18996444
PnP-DnCNN,20,0.05,"sd=0.1,k=5",40,26.388376888771656,0.937260163101283,0.29266587
PnP-DnCNN,20,0.05,"sd=0.1,k=5",41,23.183550346000096,0.9208044336785463,0.26638648
PnP-DnCNN,20,0.05,"sd=0.1,k=5",42,25.31339760739851,0.9678828286484253,0.1691109
PnP-DnCNN,20,0.05,"sd=0.1,k=5",43,25.120781192653826,0.9329613618060084,0.22027466
PnP-DnCNN,20,0.05,"sd=0.1,k=5",44,25.817070184545848,0.9529434822438178,0.18101637
PnP-DnCNN,20,0.05,"sd=0.1,k=5",45,23.68138866254622,0.9231719039996301,0.23541753
PnP-DnCNN,20,0.05,"sd=0.1,k=5",46,26.620675479927144,0.9644585781353564,0.16057041
PnP-DnCNN,20,0.05,"sd=0.1,k=5",47,21.6215094716,0.8503990998368495,0.3346746
PnP-DnCNN,20,0.05,"sd=0.1,k=5",48,23.293242579535626,0.9417468032930508,0.16293766
PnP-DnCNN,20,0.05,"sd=0.1,k=5",49,24.14307962322875,0.9287887609540677,0.19364396
PnP-DnCNN,20,0.05,"sd=0.1,k=5",50,22.969173828044646,0.9470674538107451,0.24610254
PnP-DnCNN,20,0.05,"sd=0.1,k=5",51,23.020838550623807,0.9549266495241606,0.1735715
PnP-DnCNN,20,0.05,"sd=0.1,k=5",52,24.66516416255919,0.94724893175866,0.1888446
PnP-DnCNN,20,0.05,"sd=0.1,k=5",53,23.46947521775946,0.9262908551811186,0.2687412
PnP-DnCNN,20,0.05,"sd=0.1,k=5",54,21.150238717925987,0.9424951993975758,0.23084728
PnP-DnCNN,20,0.05,"sd=0.1,k=5",55,23.470155242403724,0.960053476666616,0.19438474
PnP-DnCNN,20,0.05,"sd=0.1,k=5",56,25.332367487077757,0.9574421484115695,0.15562643
PnP-DnCNN,20,0.05,"sd=0.1,k=5",57,26.037553384314485,0.9557353753196306,0.2414851
PnP-DnCNN,20,0.05,"sd=0.1,k=5",58,23.616778063125242,0.9413293388418176,0.19802143
PnP-DnCNN,20,0.05,"sd=0.1,k=5",59,23.68581682505299,0.9319739923620027,0.30595312
PnP-DnCNN,20,0.05,"sd=0.1,k=5",60,25.345550450662266,0.9631607820672438,0.15858471
PnP-DnCNN,20,0.05,"sd=0.1,k=5",61,23.41989247151436,0.9557570975181485,0.18211283
PnP-DnCNN,20,0.05,"sd=0.1,k=5",62,24.08617576545407,0.9346156168944579,0.27734563
PnP-DnCNN,20,0.05,"sd=0.1,k=5",63,23.42599657994107,0.947187155115703,0.22292338
PnP-DnCNN,20,0.05,"sd=0.1,k=5",64,24.94685235016206,0.9684922406372946,0.1540635
PnP-DnCNN,20,0.05,"sd=0.1,k=5",65,24.504750714320345,0.9490646787665107,0.25925618
PnP-DnCNN,20,0.05,"sd=0.1,k=5",66,23.119287903630436,0.9508946762720415,0.22675627
PnP-DnCNN,20,0.05,"sd=0.1,k=5",67,22.60137931342682,0.9298828305476461,0.2473521
PnP-DnCNN,20,0.05,"sd=0.1,k=5",68,22.91688812621782,0.9400237219885361,0.17742509
PnP-DnCNN,20,0.05,"sd=0.1,k=5",69,25.281597644792157,0.9705952947789972,0.15592366
PnP-DnCNN,20,0.05,"sd=0.1,k=5",70,26.556781969922906,0.958658795696029,0.1507797
PnP-DnCNN,20,0.05,"sd=0.1,k=5",71,23.812941631754953,0.9614954902059283,0.15036318
PnP-DnCNN,20,0.05,"sd=0.1,k=5",72,22.365479841582456,0.92177870940063,0.22511898
PnP-DnCNN,20,0.05,"sd=0.1,k=5",73,23.08651729252555,0.9500580877681409,0.19297643
PnP-DnCNN,20,0.05,"sd=0.1,k=5",74,26.761351587811248,0.9681482231321413,0.18067074
PnP-DnCNN,20,0.05,"sd=0.1,k=5",75,24.267787809014933,0.9450013995909494,0.19615245
PnP-DnCNN,20,0.05,"sd=0.1,k=5",76,21.46952670721128,0.8817449890996891,0.31335598
PnP-DnCNN,20,0.05,"sd=0.1,k=5",77,24.484328096340178,0.9398402573525413,0.22300158
PnP-DnCNN,20,0.05,"sd=0.1,k=5",78,25.616752019353584,0.9569671341210357,0.17804974
PnP-DnCNN,20,0.05,"sd=0.1,k=5",79,23.13472834773275,0.9650227601739986,0.16602476
PnP-DnCNN,20,0.05,"sd=0.1,k=5",80,24.69453147360795,0.9529722020153172,0.19389373
PnP-DnCNN,20,0.05,"sd=0.1,k=5",81,25.670055492692573,0.9678728789830011,0.15415734
PnP-DnCNN,20,0.05,"sd=0.1,k=5",82,23.67334761697892,0.9473522409550414,0.16957098
PnP-DnCNN,20,0.05,"sd=0.1,k=5",83,23.534029797192563,0.9195661395172442,0.24349786
PnP-DnCNN,20,0.05,"sd=0.1,k=5",84,21.654476589857737,0.930565585559311,0.24275762
PnP-DnCNN,20,0.05,"sd=0.1,k=5",85,23.370151445271276,0.927500280207177,0.16809635
PnP-DnCNN,20,0.05,"sd=0.1,k=5",86,24.52351404350884,0.947370200733508,0.17560121
PnP-DnCNN,20,0.05,"sd=0.1,k=5",87,22.677884113827467,0.9444950158931007,0.21545662
PnP-DnCNN,20,0.05,"sd=0.1,k=5",88,24.496316278213087,0.964153489544372,0.17439406
PnP-DnCNN,20,0.05,"sd=0.1,k=5",89,25.89784475866297,0.9550876877586211,0.18702222
PnP-DnCNN,20,0.05,"sd=0.1,k=5",90,24.90674401679394,0.9497605893483831,0.1744537
PnP-DnCNN,20,0.05,"sd=0.1,k=5",91,23.51105343759443,0.9382810283852511,0.22219901
PnP-DnCNN,20,0.05,"sd=0.1,k=5",92,22.338349908776358,0.9172099173407663,0.32860324
PnP-DnCNN,20,0.05,"sd=0.1,k=5",93,24.038273294764675,0.9578232585090743,0.15533286
PnP-DnCNN,20,0.05,"sd=0.1,k=5",94,25.199936672874834,0.9566178248718011,0.16918747
PnP-DnCNN,20,0.05,"sd=0.1,k=5",95,21.58910139739618,0.9381232450385232,0.19480269
PnP-DnCNN,20,0.05,"sd=0.1,k=5",96,24.009572507412123,0.9329515658703841,0.28457144
PnP-DnCNN,20,0.05,"sd=0.1,k=5",97,24.473655148682262,0.9379389830980419,0.16318344
PnP-DnCNN,20,0.05,"sd=0.1,k=5",98,24.593391368093815,0.9463134088730516,0.19034562
PnP-DnCNN,20,0.05,"sd=0.1,k=5",99,24.085112726452685,0.9626912651352646,0.17014462
PnP-DnCNN,20,0.05,"sd=0.1,k=5",100,20.701348036489293,0.9053385425205073,0.35981768
PnP-DnCNN,20,0.05,"sd=0.1,k=5",101,23.129872707803525,0.9519045376950059,0.2105306
PnP-DnCNN,20,0.05,"sd=0.1,k=5",102,20.912705073405252,0.8961619758027921,0.26609197
PnP-DnCNN,20,0.05,"sd=0.1,k=5",103,25.502584421313628,0.9562486817152047,0.16248877
PnP-DnCNN,20,0.05,"sd=0.1,k=5",104,23.093723101284546,0.9385312601985517,0.2335339
PnP-DnCNN,20,0.05,"sd=0.1,k=5",105,25.022382368536004,0.9644605385924666,0.1948194
PnP-DnCNN,20,0.05,"sd=0.1,k=5",106,21.191688041506552,0.9358576031263209,0.25233325
PnP-DnCNN,20,0.05,"sd=0.1,k=5",107,25.002089530920628,0.9440643268306393,0.23329708
PnP-DnCNN,20,0.05,"sd=0.1,k=5",108,24.371554414941752,0.9605911494471318,0.1936019
PnP-DnCNN,20,0.05,"sd=0.1,k=5",109,24.09172530068105,0.931776372638862,0.21623138
PnP-DnCNN,20,0.05,"sd=0.1,k=5",110,23.133570137985245,0.9226117336676141,0.20037092
PnP-DnCNN,20,0.05,"sd=0.1,k=5",111,27.467114929599283,0.9614409710134356,0.15070331
PnP-DnCNN,20,0.05,"sd=0.1,k=5",112,23.65022876278127,0.9303637185126297,0.23955148
PnP-DnCNN,20,0.05,"sd=0.1,k=5",113,25.869517670268564,0.9683634648638323,0.16213576
PnP-DnCNN,20,0.05,"sd=0.1,k=5",114,24.10611035911075,0.9352141327170793,0.22410384
PnP-DnCNN,20,0.05,"sd=0.1,k=5",115,27.21006182298387,0.9599110625130086,0.16375764
PnP-DnCNN,20,0.05,"sd=0.1,k=5",116,22.998093286857774,0.9243099379761159,0.28551418
PnP-DnCNN,20,0.05,"sd=0.1,k=5",117,23.665855107440954,0.946662828664888,0.19826081
PnP-DnCNN,20,0.05,"sd=0.1,k=5",118,24.608548480040803,0.9535260422786406,0.22908682
PnP-DnCNN,20,0.05,"sd=0.1,k=5",119,21.693293635586095,0.9174740091197131,0.23121089
PnP-DnCNN,20,0.05,"sd=0.1,k=5",120,22.687330250730653,0.9416898411413854,0.18242112
PnP-DnCNN,20,0.05,"sd=0.1,k=5",121,24.080117928897554,0.9316322801265219,0.2179097
PnP-DnCNN,20,0.05,"sd=0.1,k=5",122,28.837404907422343,0.9646788668965013,0.1536961
PnP-DnCNN,20,0.05,"sd=0.1,k=5",123,23.269138081907084,0.9330816344658205,0.2160657
PnP-DnCNN,20,0.05,"sd=0.1,k=5",124,24.70417495985622,0.95680352294248,0.17690076
PnP-DnCNN,20,0.05,"sd=0.1,k=5",125,24.11757633922207,0.9433912732753872,0.2245091
PnP-DnCNN,20,0.05,"sd=0.1,k=5",126,22.586742764248253,0.9517230948140799,0.21418302
PnP-DnCNN,20,0.05,"sd=0.1,k=5",127,25.50964775896543,0.9661311499220281,0.15775555
PnP-DnCNN,20,0.05,"sd=0.1,k=5",128,20.98515437638823,0.9173033198049246,0.21736176
PnP-DnCNN,20,0.05,"sd=0.1,k=5",129,24.903816800858706,0.9551826185923963,0.18619175
PnP-DnCNN,20,0.05,"sd=0.1,k=5",130,21.463410647350667,0.9414048479977718,0.21593854
PnP-DnCNN,20,0.05,"sd=0.1,k=5",131,23.66339866745151,0.9538988692085605,0.15679707
PnP-DnCNN,20,0.05,"sd=0.1,k=5",132,21.761921069431224,0.9539421427348429,0.20173138
PnP-DnCNN,20,0.05,"sd=0.1,k=5",133,22.83110352470622,0.9399516142843184,0.19146234
PnP-DnCNN,20,0.05,"sd=0.1,k=5",134,23.42070371330333,0.9410604011452148,0.1934952
PnP-DnCNN,20,0.05,"sd=0.1,k=5",135,26.8022232765556,0.9674729815999831,0.16207129
PnP-DnCNN,20,0.05,"sd=0.1,k=5",136,24.596919532850006,0.9598327399470097,0.18040322
PnP-DnCNN,20,0.05,"sd=0.1,k=5",137,22.848835487170916,0.9480084841532156,0.2382184
PnP-DnCNN,20,0.05,"sd=0.1,k=5",138,21.4946657395965,0.9311150522856426,0.24413279
PnP-DnCNN,20,0.05,"sd=0.1,k=5",139,21.453971462383066,0.9011517332651275,0.256098
PnP-DnCNN,20,0.05,"sd=0.1,k=5",140,20.470458176596846,0.8429306877857797,0.38720372
PnP-DnCNN,20,0.05,"sd=0.1,k=5",141,22.76987749353486,0.939485554052286,0.2644545
PnP-DnCNN,20,0.05,"sd=0.1,k=5",142,22.39327609116025,0.905917735562529,0.25066674
PnP-DnCNN,20,0.05,"sd=0.1,k=5",143,26.419561822951586,0.9613965700326625,0.2184264
PnP-DnCNN,20,0.05,"sd=0.1,k=5",144,23.79730209219405,0.9407599854383094,0.1990562
PnP-DnCNN,20,0.05,"sd=0.1,k=5",145,26.472399146739733,0.9556993327049677,0.21969901
PnP-DnCNN,20,0.05,"sd=0.1,k=5",146,22.53037041864691,0.9409805525494509,0.20382264
PnP-DnCNN,20,0.05,"sd=0.1,k=5",147,23.355197525805195,0.9573844873215541,0.16469128
PnP-DnCNN,20,0.05,"sd=0.1,k=5",148,24.737797739679955,0.9674828178133846,0.18404858
PnP-DnCNN,20,0.05,"sd=0.1,k=5",149,22.61870586276363,0.9211075531611265,0.2924427
PnP-DnCNN,20,0.05,"sd=0.1,k=5",150,23.746150857106944,0.950521439929639,0.20777729
PnP-DnCNN,20,0.05,"sd=0.1,k=5",151,20.308613977388813,0.937383251741898,0.27104008
PnP-DnCNN,20,0.05,"sd=0.1,k=5",152,23.25304351720472,0.9294462364998238,0.2412329
PnP-DnCNN,20,0.05,"sd=0.1,k=5",153,23.286657544689987,0.9371108528503702,0.24617504
PnP-DnCNN,20,0.05,"sd=0.1,k=5",154,27.165531996879814,0.9562493078102751,0.21576117
PnP-DnCNN,20,0.05,"sd=0.1,k=5",155,23.123422834137514,0.9578595384647531,0.19297916
PnP-DnCNN,20,0.05,"sd=0.1,k=5",156,25.267217913192184,0.9643361688522268,0.18215856
PnP-DnCNN,20,0.05,"sd=0.1,k=5",157,23.185922534864346,0.9457615979385278,0.2186264
PnP-DnCNN,20,0.05,"sd=0.1,k=5",158,25.475754393484188,0.9514540400633142,0.16932404
PnP-DnCNN,20,0.05,"sd=0.1,k=5",159,25.10391690719144,0.9458298574486548,0.22550282
PnP-DnCNN,20,0.05,"sd=0.1,k=5",160,24.430339182403902,0.959788739742819,0.18315592
PnP-DnCNN,20,0.05,"sd=0.1,k=5",161,22.4466125525623,0.9379371028424295,0.23107733
PnP-DnCNN,20,0.05,"sd=0.1,k=5",162,23.533642129206914,0.9599337357381159,0.16960514
PnP-DnCNN,20,0.05,"sd=0.1,k=5",163,21.90475740025111,0.9081095393077463,0.21947727
PnP-DnCNN,20,0.05,"sd=0.1,k=5",164,21.232391211552,0.918777204957629,0.28301188
PnP-DnCNN,20,0.05,"sd=0.1,k=5",165,23.290216806435552,0.9304230452769182,0.18806073
PnP-DnCNN,20,0.05,"sd=0.1,k=5",166,21.87871533296078,0.9127484210420492,0.27275497
PnP-DnCNN,20,0.05,"sd=0.1,k=5",167,23.89201668812962,0.9468468912869445,0.23694861
PnP-DnCNN,20,0.05,"sd=0.1,k=5",168,27.79564656630137,0.9649187412020589,0.16470683
PnP-DnCNN,20,0.05,"sd=0.1,k=5",169,24.485263883161245,0.9300899417870794,0.21024324
PnP-DnCNN,20,0.05,"sd=0.1,k=5",170,23.90184994715051,0.9244559283776224,0.24547425
PnP-DnCNN,20,0.05,"sd=0.1,k=5",171,24.260695462142813,0.9591761962933973,0.15843472
PnP-DnCNN,20,0.05,"sd=0.1,k=5",172,23.098459123180245,0.9580564372364647,0.19060671
PnP-DnCNN,20,0.05,"sd=0.1,k=5",173,20.580928415552048,0.8457608031982571,0.3418569
PnP-DnCNN,20,0.05,"sd=0.1,k=5",174,24.494121512859508,0.9475436202627568,0.1896887
PnP-DnCNN,20,0.05,"sd=0.1,k=5",175,24.072108757089833,0.9130597734315828,0.3739328
PnP-DnCNN,20,0.05,"sd=0.1,k=5",176,27.486125737219467,0.9534219538192611,0.25101516
PnP-DnCNN,20,0.05,"sd=0.1,k=5",177,25.12244482850239,0.9640747390625891,0.16621792
PnP-DnCNN,20,0.05,"sd=0.1,k=5",178,27.97419245102477,0.9628635156006853,0.16568328
PnP-DnCNN,20,0.05,"sd=0.1,k=5",179,24.00095631590229,0.9614415867331106,0.16709283
PnP-DnCNN,20,0.05,"sd=0.1,k=5",180,25.804974612977155,0.9625166107184631,0.22718143
PnP-DnCNN,20,0.05,"sd=0.1,k=5",181,23.22136856207556,0.9548181976414909,0.18892197
PnP-DnCNN,20,0.05,"sd=0.1,k=5",182,25.04276643612468,0.9548593215078639,0.20315306
PnP-DnCNN,20,0.05,"sd=0.1,k=5",183,22.75719941982988,0.9618247888428121,0.1776143
PnP-DnCNN,20,0.05,"sd=0.1,k=5",184,22.89210867334898,0.9225014474797101,0.22787923
PnP-DnCNN,20,0.05,"sd=0.1,k=5",185,23.984742383535668,0.9650934652602376,0.20600617
PnP-DnCNN,20,0.05,"sd=0.1,k=5",186,23.693729999072666,0.9403512088720464,0.15621072
PnP-DnCNN,20,0.05,"sd=0.1,k=5",187,22.65252891482134,0.9301861513883245,0.21515426
PnP-DnCNN,20,0.05,"sd=0.1,k=5",188,23.964451450385077,0.960049697375002,0.15526696
PnP-DnCNN,20,0.05,"sd=0.1,k=5",189,26.533444662625598,0.9561773961610045,0.2477823
PnP-DnCNN,20,0.05,"sd=0.1,k=5",190,25.179268255136687,0.9600594325129651,0.1793325
PnP-DnCNN,20,0.05,"sd=0.1,k=5",191,27.825590261557643,0.961489167218366,0.17411791
PnP-DnCNN,20,0.05,"sd=0.1,k=5",192,23.902062979472383,0.9727184582840313,0.18014713
PnP-DnCNN,20,0.05,"sd=0.1,k=5",193,20.84131239569747,0.9243714495692864,0.3139454
PnP-DnCNN,20,0.05,"sd=0.1,k=5",194,23.24097036080807,0.962531802206,0.19265035
PnP-DnCNN,20,0.05,"sd=0.1,k=5",195,21.1320804750866,0.8761844721888308,0.42099383
PnP-DnCNN,20,0.05,"sd=0.1,k=5",196,26.048860745620736,0.9528284470035024,0.1700871
PnP-DnCNN,20,0.05,"sd=0.1,k=5",197,23.953804674229993,0.9472223028294311,0.1681512
PnP-DnCNN,20,0.05,"sd=0.1,k=5",198,23.100965409054893,0.9409987404326762,0.24901369
PnP-DnCNN,20,0.05,"sd=0.1,k=5",199,24.833191707076693,0.9405258766198454,0.13817315
PnP-DnCNN,40,0.05,"sd=0.05,k=10",0,27.738357970520017,0.9708026228241684,0.14934611
PnP-DnCNN,40,0.05,"sd=0.05,k=10",1,24.48082370264396,0.9725538223735557,0.16956964
PnP-DnCNN,40,0.05,"sd=0.05,k=10",2,28.956497999898346,0.9736024605587494,0.18019651
PnP-DnCNN,40,0.05,"sd=0.05,k=10",3,24.152995192210245,0.9703889760411968,0.15234701
PnP-DnCNN,40,0.05,"sd=0.05,k=10",4,26.639228490036466,0.9541494973188589,0.16660874
PnP-DnCNN,40,0.05,"sd=0.05,k=10",5,30.109508750774005,0.985648563454959,0.12825839
PnP-DnCNN,40,0.05,"sd=0.05,k=10",6,24.94105072222988,0.9526941719010842,0.19301277
PnP-DnCNN,40,0.05,"sd=0.05,k=10",7,24.798587157910124,0.9678782682773496,0.19308263
PnP-DnCNN,40,0.05,"sd=0.05,k=10",8,25.777854116035293,0.9720593195808821,0.14077446
PnP-DnCNN,40,0.05,"sd=0.05,k=10",9,23.410166951372034,0.9505649920830057,0.1835479
PnP-DnCNN,40,0.05,"sd=0.05,k=10",10,24.50829245360595,0.9612158145293717,0.16855416
PnP-DnCNN,40,0.05,"sd=0.05,k=10",11,23.743541420742083,0.9636342709591567,0.19473152
PnP-DnCNN,40,0.05,"sd=0.05,k=10",12,24.594949815037186,0.9512772959895617,0.1912483
PnP-DnCNN,40,0.05,"sd=0.05,k=10",13,24.65404895825641,0.965345747830454,0.16567801
PnP-DnCNN,40,0.05,"sd=0.05,k=10",14,26.760108153747314,0.972620373052999,0.16825284
PnP-DnCNN,40,0.05,"sd=0.05,k=10",15,23.452157040359385,0.9245481603771202,0.22860067
PnP-DnCNN,40,0.05,"sd=0.05,k=10",16,24.638438141717725,0.9631567373871803,0.18899566
PnP-DnCNN,40,0.05,"sd=0.05,k=10",17,28.557809891785666,0.9758029187267477,0.11965162
PnP-DnCNN,40,0.05,"sd=0.05,k=10",18,24.418956216751127,0.9688177577966501,0.15432477
PnP-DnCNN,40,0.05,"sd=0.05,k=10",19,26.9675613922856,0.9640203360929962,0.17789373
PnP-DnCNN,40,0.05,"sd=0.05,k=10",20,26.354494676069343,0.9723279873324819,0.13849254
PnP-DnCNN,40,0.05,"sd=0.05,k=10",21,27.983291182365374,0.9826478939657369,0.13080192
PnP-DnCNN,40,0.05,"sd=0.05,k=10",22,23.718672719036302,0.9534717701560209,0.20829232
PnP-DnCNN,40,0.05,"sd=0.05,k=10",23,25.64505068937459,0.9591447766408447,0.18066551
PnP-DnCNN,40,0.05,"sd=0.05,k=10",24,23.500807288880882,0.9197192081242553,0.30834895
PnP-DnCNN,40,0.05,"sd=0.05,k=10",25,22.89229491215805,0.9671365904413964,0.14584789
PnP-DnCNN,40,0.05,"sd=0.05,k=10",26,25.83895826142449,0.9571659289731467,0.20724714
PnP-DnCNN,40,0.05,"sd=0.05,k=10",27,26.256861041365557,0.9567408552470286,0.15927088
PnP-DnCNN,40,0.05,"sd=0.05,k=10",28,26.951829931912687,0.9735198784465632,0.11552256
PnP-DnCNN,40,0.05,"sd=0.05,k=10",29,28.282457833097766,0.9723186229994475,0.16521558
PnP-DnCNN,40,0.05,"sd=0.05,k=10",30,25.084563740441883,0.9603535506474085,0.16981795
PnP-DnCNN,40,0.05,"sd=0.05,k=10",31,28.44796165206768,0.9721786685842128,0.17812818
PnP-DnCNN,40,0.05,"sd=0.05,k=10",32,25.49744041118229,0.963406105241007,0.15831329
PnP-DnCNN,40,0.05,"sd=0.05,k=10",33,24.965917895611113,0.9476387623913032,0.17697872
PnP-DnCNN,40,0.05,"sd=0.05,k=10",34,25.469013426910298,0.9548756121542336,0.15714878
PnP-DnCNN,40,0.05,"sd=0.05,k=10",35,24.504338811314426,0.9676620761963947,0.17024313
PnP-DnCNN,40,0.05,"sd=0.05,k=10",36,26.294646403331914,0.9599160854974069,0.15935259
PnP-DnCNN,40,0.05,"sd=0.05,k=10",37,29.075260697523603,0.9704912257465449,0.14364429
PnP-DnCNN,40,0.05,"sd=0.05,k=10",38,24.679760921070507,0.9371791792925724,0.21371078
PnP-DnCNN,40,0.05,"sd=0.05,k=10",39,29.79802569678482,0.9730288350631383,0.11368413
PnP-DnCNN,40,0.05,"sd=0.05,k=10",40,27.24322669271507,0.9567251114313268,0.26523423
PnP-DnCNN,40,0.05,"sd=0.05,k=10",41,23.80447387558517,0.9350689853395312,0.24800818
PnP-DnCNN,40,0.05,"sd=0.05,k=10",42,25.51147705394979,0.9621306390555437,0.165298
PnP-DnCNN,40,0.05,"sd=0.05,k=10",43,26.350747330780003,0.9511758585360425,0.19119047
PnP-DnCNN,40,0.05,"sd=0.05,k=10",44,27.676500102205996,0.97394637480255,0.14613235
PnP-DnCNN,40,0.05,"sd=0.05,k=10",45,23.74903548626952,0.9379041253412066,0.23359121
PnP-DnCNN,40,0.05,"sd=0.05,k=10",46,28.90405477853826,0.9784841974042664,0.12345156
PnP-DnCNN,40,0.05,"sd=0.05,k=10",47,22.568511514275983,0.9114443079437599,0.30010462
PnP-DnCNN,40,0.05,"sd=0.05,k=10",48,25.084576405835513,0.9616025310656255,0.1325729
PnP-DnCNN,40,0.05,"sd=0.05,k=10",49,25.15673394537786,0.9558919385799076,0.17231427
PnP-DnCNN,40,0.05,"sd=0.05,k=10",50,24.905730877725354,0.9608439473081226,0.19691928
PnP-DnCNN,40,0.05,"sd=0.05,k=10",51,24.880107837535242,0.9733959951184012,0.14012478
PnP-DnCNN,40,0.05,"sd=0.05,k=10",52,24.853246453130712,0.9562392034683346,0.18479936
PnP-DnCNN,40,0.05,"sd=0.05,k=10",53,23.454729687115993,0.9247353677291515,0.2691978
PnP-DnCNN,40,0.05,"sd=0.05,k=10",54,23.46902954011583,0.9628590232084605,0.17676051
PnP-DnCNN,40,0.05,"sd=0.05,k=10",55,25.110935648303723,0.9727964693726587,0.16092485
PnP-DnCNN,40,0.05,"sd=0.05,k=10",56,25.178366975901774,0.9611005707343748,0.1584103
PnP-DnCNN,40,0.05,"sd=0.05,k=10",57,28.797113686387142,0.9729323017079968,0.17575689
PnP-DnCNN,40,0.05,"sd=0.05,k=10",58,25.590470457797167,0.9715670789322577,0.15777114
PnP-DnCNN,40,0.05,"sd=0.05,k=10",59,25.549676720608197,0.9472937048836187,0.24686635
PnP-DnCNN,40,0.05,"sd=0.05,k=10",60,26.121516051258237,0.9679779877716844,0.14503172
PnP-DnCNN,40,0.05,"sd=0.05,k=10",61,25.700687576031427,0.9748842083841316,0.1400557
PnP-DnCNN,40,0.05,"sd=0.05,k=10",62,24.23575838717333,0.940349548439349,0.27261028
PnP-DnCNN,40,0.05,"sd=0.05,k=10",63,25.193161203401004,0.9520692472492368,0.18188521
PnP-DnCNN,40,0.05,"sd=0.05,k=10",64,25.054388651195882,0.9641784206648504,0.15216786
PnP-DnCNN,40,0.05,"sd=0.05,k=10",65,23.989329540160544,0.9288180311602995,0.2751061
PnP-DnCNN,40,0.05,"sd=0.05,k=10",66,23.79106100335887,0.9588966497705003,0.2098798
PnP-DnCNN,40,0.05,"sd=0.05,k=10",67,24.083386273581468,0.9434746571870383,0.20855242
PnP-DnCNN,40,0.05,"sd=0.05,k=10",68,23.904404319380177,0.945369599494806,0.15835772
PnP-DnCNN,40,0.05,"sd=0.05,k=10",69,25.213524810106804,0.9664172303578085,0.15715046
PnP-DnCNN,40,0.05,"sd=0.05,k=10",70,25.427658021587803,0.9539697110837648,0.17171137
PnP-DnCNN,40,0.05,"sd=0.05,k=10",71,25.024227872905875,0.9798128040245742,0.1307908
PnP-DnCNN,40,0.05,"sd=0.05,k=10",72,24.076111095695683,0.9489664187854971,0.18487601
PnP-DnCNN,40,0.05,"sd=0.05,k=10",73,27.244207626657932,0.9778741425719143,0.119569324
PnP-DnCNN,40,0.05,"sd=0.05,k=10",74,28.832096810722277,0.9834256291635766,0.14234772
PnP-DnCNN,40,0.05,"sd=0.05,k=10",75,24.777175562507328,0.946541073216387,0.18497981
PnP-DnCNN,40,0.05,"sd=0.05,k=10",76,25.660297004163418,0.9595628140632771,0.19341914
PnP-DnCNN,40,0.05,"sd=0.05,k=10",77,24.438284297845428,0.9500615959448263,0.22418687
PnP-DnCNN,40,0.05,"sd=0.05,k=10",78,27.124675046261927,0.9712374504686387,0.1496736
PnP-DnCNN,40,0.05,"sd=0.05,k=10",79,26.401149338762366,0.9707802856140886,0.11398608
PnP-DnCNN,40,0.05,"sd=0.05,k=10",80,26.297756849379503,0.9609861136375626,0.16121392
PnP-DnCNN,40,0.05,"sd=0.05,k=10",81,24.822798908489496,0.9706453926676561,0.16995229
PnP-DnCNN,40,0.05,"sd=0.05,k=10",82,25.483533628974353,0.9707453361720093,0.13767093
PnP-DnCNN,40,0.05,"sd=0.05,k=10",83,26.019975727063148,0.9500826047964332,0.1828933
PnP-DnCNN,40,0.05,"sd=0.05,k=10",84,23.916920587273122,0.9604488803951208,0.18709004
PnP-DnCNN,40,0.05,"sd=0.05,k=10",85,24.269240611445536,0.9609007334167307,0.1515667
PnP-DnCNN,40,0.05,"sd=0.05,k=10",86,27.626684376800377,0.9728241887959567,0.12284826
PnP-DnCNN,40,0.05,"sd=0.05,k=10",87,25.500825846317877,0.966935546683871,0.15567282
PnP-DnCNN,40,0.05,"sd=0.05,k=10",88,25.376350676505655,0.9730653167386686,0.15759046
PnP-DnCNN,40,0.05,"sd=0.05,k=10",89,25.51391469066274,0.9593970003453168,0.19547431
PnP-DnCNN,40,0.05,"sd=0.05,k=10",90,24.74488162874654,0.9602564261718229,0.17773513
PnP-DnCNN,40,0.05,"sd=0.05,k=10",91,24.174235594121065,0.9529178894378922,0.20586522
PnP-DnCNN,40,0.05,"sd=0.05,k=10",92,23.30006627506294,0.9385492978694517,0.29416162
PnP-DnCNN,40,0.05,"sd=0.05,k=10",93,25.030423266626734,0.9651894544766955,0.13856573
PnP-DnCNN,40,0.05,"sd=0.05,k=10",94,26.986916284764654,0.9620379707044806,0.13772704
PnP-DnCNN,40,0.05,"sd=0.05,k=10",95,24.885419051864666,0.9702833583039686,0.13328432
PnP-DnCNN,40,0.05,"sd=0.05,k=10",96,26.362948359979246,0.9611388758317498,0.21703137
PnP-DnCNN,40,0.05,"sd=0.05,k=10",97,26.633516458474528,0.9693727005611766,0.12725739
PnP-DnCNN,40,0.05,"sd=0.05,k=10",98,26.463415634700233,0.9695739035517716,0.15347643
PnP-DnCNN,40,0.05,"sd=0.05,k=10",99,26.79559779370478,0.9783846510589616,0.124535725
PnP-DnCNN,40,0.05,"sd=0.05,k=10",100,23.169364450331926,0.9460286765305463,0.2708206
PnP-DnCNN,40,0.05,"sd=0.05,k=10",101,23.93929365698815,0.9579413249503729,0.19179805
PnP-DnCNN,40,0.05,"sd=0.05,k=10",102,24.129377180377652,0.9419866571864806,0.18373767
PnP-DnCNN,40,0.05,"sd=0.05,k=10",103,27.174300174462772,0.9694085701807471,0.13404098
PnP-DnCNN,40,0.05,"sd=0.05,k=10",104,26.11689504709848,0.9673683703068859,0.16488886
PnP-DnCNN,40,0.05,"sd=0.05,k=10",105,26.219677068175088,0.9703252822899622,0.16973346
PnP-DnCNN,40,0.05,"sd=0.05,k=10",106,22.260944521473633,0.9385098838978563,0.2231062
PnP-DnCNN,40,0.05,"sd=0.05,k=10",107,28.377277135442295,0.9683823562727487,0.1581794
PnP-DnCNN,40,0.05,"sd=0.05,k=10",108,25.17930152960058,0.9705468158214545,0.17640963
PnP-DnCNN,40,0.05,"sd=0.05,k=10",109,23.76446144996291,0.9376974099369582,0.22453389
PnP-DnCNN,40,0.05,"sd=0.05,k=10",110,25.291732553245183,0.9676519361409274,0.15628833
PnP-DnCNN,40,0.05,"sd=0.05,k=10",111,28.19453980073004,0.9673724320432371,0.13859628
PnP-DnCNN,40,0.05,"sd=0.05,k=10",112,26.406133145636343,0.9646457389366528,0.17442293
PnP-DnCNN,40,0.05,"sd=0.05,k=10",113,26.20130516227057,0.9723883458405487,0.15605922
PnP-DnCNN,40,0.05,"sd=0.05,k=10",114,26.330506181374727,0.9626593438000226,0.17347205
PnP-DnCNN,40,0.05,"sd=0.05,k=10",115,26.190527327160595,0.964174855223372,0.18415278
PnP-DnCNN,40,0.05,"sd=0.05,k=10",116,25.41415209796105,0.9431173202296919,0.21618457
PnP-DnCNN,40,0.05,"sd=0.05,k=10",117,25.499215775020833,0.9618600023186896,0.16053468
PnP-DnCNN,40,0.05,"sd=0.05,k=10",118,27.12839865161257,0.9775274472295745,0.17139873
PnP-DnCNN,40,0.05,"sd=0.05,k=10",119,23.88300794774803,0.9434281488464884,0.17968945
PnP-DnCNN,40,0.05,"sd=0.05,k=10",120,23.572712795131597,0.9518424773142358,0.16474262
PnP-DnCNN,40,0.05,"sd=0.05,k=10",121,26.69280369941235,0.9731110674290617,0.16130292
PnP-DnCNN,40,0.05,"sd=0.05,k=10",122,28.695163848141476,0.9702897383715988,0.15623376
PnP-DnCNN,40,0.05,"sd=0.05,k=10",123,23.23226730706312,0.9433892973629404,0.21698482
PnP-DnCNN,40,0.05,"sd=0.05,k=10",124,25.558439336352926,0.9660759484472353,0.16033062
PnP-DnCNN,40,0.05,"sd=0.05,k=10",125,26.998072435576645,0.97429643829992,0.16114214
PnP-DnCNN,40,0.05,"sd=0.05,k=10",126,24.52342617816878,0.9654995048464823,0.17137635
PnP-DnCNN,40,0.05,"sd=0.05,k=10",127,26.763072251607994,0.9681515735535582,0.13655683
PnP-DnCNN,40,0.05,"sd=0.05,k=10",128,24.143504300091276,0.9440650249377263,0.15110041
PnP-DnCNN,40,0.05,"sd=0.05,k=10",129,26.171087101002136,0.9613425235056188,0.16091515
PnP-DnCNN,40,0.05,"sd=0.05,k=10",130,25.19519530176547,0.9707702194486768,0.14052093
PnP-DnCNN,40,0.05,"sd=0.05,k=10",131,24.671112465617938,0.9636523387402542,0.13962148
PnP-DnCNN,40,0.05,"sd=0.05,k=10",132,23.380215065049246,0.9623845086610021,0.16743982
PnP-DnCNN,40,0.05,"sd=0.05,k=10",133,24.372524678953447,0.9453415800778826,0.16032907
PnP-DnCNN,40,0.05,"sd=0.05,k=10",134,25.248319959559467,0.9682413212154523,0.15677953
PnP-DnCNN,40,0.05,"sd=0.05,k=10",135,30.849009407719315,0.9760789494068662,0.10171074
PnP-DnCNN,40,0.05,"sd=0.05,k=10",136,24.75963286628632,0.9579011232030293,0.1770552
PnP-DnCNN,40,0.05,"sd=0.05,k=10",137,27.515587669465233,0.977503904380089,0.13919951
PnP-DnCNN,40,0.05,"sd=0.05,k=10",138,25.40363146139788,0.9692393660791649,0.15566029
PnP-DnCNN,40,0.05,"sd=0.05,k=10",139,26.149058445810223,0.9655278502417005,0.14915983
PnP-DnCNN,40,0.05,"sd=0.05,k=10",140,23.780138519001465,0.9473321388575656,0.26451817
PnP-DnCNN,40,0.05,"sd=0.05,k=10",141,26.23417378551677,0.9601220328453158,0.17747459
PnP-DnCNN,40,0.05,"sd=0.05,k=10",142,23.96600287172159,0.9438072574163271,0.20915118
PnP-DnCNN,40,0.05,"sd=0.05,k=10",143,30.201725722704293,0.9827392802011868,0.14131781
PnP-DnCNN,40,0.05,"sd=0.05,k=10",144,25.944088045886033,0.9606345208469501,0.15546635
PnP-DnCNN,40,0.05,"sd=0.05,k=10",145,27.396291152020254,0.9573209993079428,0.19753021
PnP-DnCNN,40,0.05,"sd=0.05,k=10",146,25.141061872293925,0.9738644501887077,0.15090995
PnP-DnCNN,40,0.05,"sd=0.05,k=10",147,24.78484894833491,0.9587148460290156,0.13969731
PnP-DnCNN,40,0.05,"sd=0.05,k=10",148,28.910471366914074,0.9849426738979402,0.11384102
PnP-DnCNN,40,0.05,"sd=0.05,k=10",149,24.772125572469427,0.9452047810143183,0.2282285
PnP-DnCNN,40,0.05,"sd=0.05,k=10",150,25.57660058879451,0.9695082441711229,0.1682967
PnP-DnCNN,40,0.05,"sd=0.05,k=10",151,21.758898629813164,0.9457396096434475,0.22936085
PnP-DnCNN,40,0.05,"sd=0.05,k=10",152,24.274335427197386,0.9390712402884133,0.21447267
PnP-DnCNN,40,0.05,"sd=0.05,k=10",153,24.9009911450317,0.9538156847076967,0.20442186
PnP-DnCNN,40,0.05,"sd=0.05,k=10",154,30.961915775059037,0.975050428189522,0.13936512
PnP-DnCNN,40,0.05,"sd=0.05,k=10",155,24.12379263915191,0.9584068296061568,0.17198554
PnP-DnCNN,40,0.05,"sd=0.05,k=10",156,23.78581536707977,0.959985334210652,0.2160328
PnP-DnCNN,40,0.05,"sd=0.05,k=10",157,25.78930256633931,0.9663419578193633,0.16200693
PnP-DnCNN,40,0.05,"sd=0.05,k=10",158,26.09829876782896,0.9556905881555613,0.15761276
PnP-DnCNN,40,0.05,"sd=0.05,k=10",159,25.565535594377266,0.9433977565735825,0.21383119
PnP-DnCNN,40,0.05,"sd=0.05,k=10",160,24.71628235426447,0.9569965317106444,0.1772245
PnP-DnCNN,40,0.05,"sd=0.05,k=10",161,24.644242728140217,0.9571116947807556,0.17942207
PnP-DnCNN,40,0.05,"sd=0.05,k=10",162,24.28327589392338,0.9628994556621087,0.15558128
PnP-DnCNN,40,0.05,"sd=0.05,k=10",163,24.684760360904995,0.9448589464603376,0.15936369
PnP-DnCNN,40,0.05,"sd=0.05,k=10",164,23.97288070273394,0.9482093844254894,0.2064335
PnP-DnCNN,40,0.05,"sd=0.05,k=10",165,25.4015246609847,0.9608215665260007,0.14747988
PnP-DnCNN,40,0.05,"sd=0.05,k=10",166,22.675043647827327,0.9359829366083973,0.24886066
PnP-DnCNN,40,0.05,"sd=0.05,k=10",167,25.940750041612684,0.9659264073514742,0.18716192
PnP-DnCNN,40,0.05,"sd=0.05,k=10",168,30.243516078715793,0.9829421630821937,0.124256216
PnP-DnCNN,40,0.05,"sd=0.05,k=10",169,26.608404443815168,0.9621250821539193,0.16465123
PnP-DnCNN,40,0.05,"sd=0.05,k=10",170,25.294823127232824,0.935549718474061,0.20910156
PnP-DnCNN,40,0.05,"sd=0.05,k=10",171,26.09019341509007,0.9697949341382862,0.12834397
PnP-DnCNN,40,0.05,"sd=0.05,k=10",172,25.973233410525978,0.9702316106966704,0.13689876
PnP-DnCNN,40,0.05,"sd=0.05,k=10",173,22.195545860860232,0.9015769185729263,0.28386608
PnP-DnCNN,40,0.05,"sd=0.05,k=10",174,24.83837354343908,0.9399481328696875,0.1823177
PnP-DnCNN,40,0.05,"sd=0.05,k=10",175,25.222867584232233,0.923667730347923,0.32753345
PnP-DnCNN,40,0.05,"sd=0.05,k=10",176,26.39695853121557,0.9504858980124647,0.2845498
PnP-DnCNN,40,0.05,"sd=0.05,k=10",177,25.33363509780301,0.9624073245554916,0.16222522
PnP-DnCNN,40,0.05,"sd=0.05,k=10",178,29.367652863797026,0.9807362619264066,0.14112556
PnP-DnCNN,40,0.05,"sd=0.05,k=10",179,24.643016558359797,0.9570223619191607,0.15518682
PnP-DnCNN,40,0.05,"sd=0.05,k=10",180,29.407181680205227,0.977423427272434,0.15005915
PnP-DnCNN,40,0.05,"sd=0.05,k=10",181,24.92018161461725,0.9694486595998125,0.15536092
PnP-DnCNN,40,0.05,"sd=0.05,k=10",182,28.646233896836556,0.9812650094347551,0.13416833
PnP-DnCNN,40,0.05,"sd=0.05,k=10",183,23.650880855731522,0.9652981689153624,0.16024844
PnP-DnCNN,40,0.05,"sd=0.05,k=10",184,24.036201715422084,0.924550965905559,0.19975612
PnP-DnCNN,40,0.05,"sd=0.05,k=10",185,26.426736366392657,0.9715235563349133,0.15551794
PnP-DnCNN,40,0.05,"sd=0.05,k=10",186,24.65994972086453,0.9629107075166111,0.13976546
PnP-DnCNN,40,0.05,"sd=0.05,k=10",187,23.927606025498953,0.9577613176146814,0.18577877
PnP-DnCNN,40,0.05,"sd=0.05,k=10",188,25.519305435700307,0.9711136365971289,0.12981842
PnP-DnCNN,40,0.05,"sd=0.05,k=10",189,29.671398813339714,0.9807945915982743,0.1726524
PnP-DnCNN,40,0.05,"sd=0.05,k=10",190,27.027736981109808,0.9775252801573966,0.14495578
PnP-DnCNN,40,0.05,"sd=0.05,k=10",191,27.619060146145355,0.9581674399577882,0.17830765
PnP-DnCNN,40,0.05,"sd=0.05,k=10",192,25.935077835453228,0.980065670264654,0.14255308
PnP-DnCNN,40,0.05,"sd=0.05,k=10",193,23.00756131192579,0.954369728476548,0.24464801
PnP-DnCNN,40,0.05,"sd=0.05,k=10",194,25.24661197845981,0.9732050832884371,0.15292823
PnP-DnCNN,40,0.05,"sd=0.05,k=10",195,25.617643718842977,0.9379629704577863,0.2511872
PnP-DnCNN,40,0.05,"sd=0.05,k=10",196,28.746125642852057,0.9732256316818482,0.12468326
PnP-DnCNN,40,0.05,"sd=0.05,k=10",197,24.81728201618095,0.9593510148692722,0.15223905
PnP-DnCNN,40,0.05,"sd=0.05,k=10",198,26.604567881724858,0.9611298503769823,0.16635779
PnP-DnCNN,40,0.05,"sd=0.05,k=10",199,26.61719799890558,0.9698410672712917,0.11251835
PnP-DnCNN,90,0.05,"sd=0.05,k=5",0,28.73974267921898,0.9755850152289571,0.13308364
PnP-DnCNN,90,0.05,"sd=0.05,k=5",1,28.083846866113305,0.9768342604814482,0.11199457
PnP-DnCNN,90,0.05,"sd=0.05,k=5",2,29.546152184506212,0.9791676356526445,0.1683696
PnP-DnCNN,90,0.05,"sd=0.05,k=5",3,26.087798443511975,0.980911949203034,0.12192529
PnP-DnCNN,90,0.05,"sd=0.05,k=5",4,24.81198076227048,0.9402547683720747,0.20561753
PnP-DnCNN,90,0.05,"sd=0.05,k=5",5,31.86429610949872,0.9885426680903789,0.10479642
PnP-DnCNN,90,0.05,"sd=0.05,k=5",6,27.101702737268813,0.9692450482244334,0.15050587
PnP-DnCNN,90,0.05,"sd=0.05,k=5",7,28.554050396208332,0.9798897481408001,0.12530547
PnP-DnCNN,90,0.05,"sd=0.05,k=5",8,27.306562697177043,0.9831476722620736,0.118056096
PnP-DnCNN,90,0.05,"sd=0.05,k=5",9,25.902208769600094,0.979354540917499,0.13776769
PnP-DnCNN,90,0.05,"sd=0.05,k=5",10,27.671556192101036,0.981681821390617,0.11710522
PnP-DnCNN,90,0.05,"sd=0.05,k=5",11,26.04196349857242,0.9768573139324661,0.14945662
PnP-DnCNN,90,0.05,"sd=0.05,k=5",12,28.629998326140278,0.9809234940316066,0.12018357
PnP-DnCNN,90,0.05,"sd=0.05,k=5",13,27.66559490463465,0.9788982442711011,0.117135234
PnP-DnCNN,90,0.05,"sd=0.05,k=5",14,27.978536260896437,0.9639120159193504,0.1462315
PnP-DnCNN,90,0.05,"sd=0.05,k=5",15,24.243402845839285,0.9239437706029612,0.20869651
PnP-DnCNN,90,0.05,"sd=0.05,k=5",16,25.90437693717754,0.9658095975183258,0.16336346
PnP-DnCNN,90,0.05,"sd=0.05,k=5",17,28.618385453748488,0.9771353976785644,0.11882007
PnP-DnCNN,90,0.05,"sd=0.05,k=5",18,26.6328601270718,0.9854579816672427,0.11960255
PnP-DnCNN,90,0.05,"sd=0.05,k=5",19,26.697781925308476,0.9667410817274378,0.18350571
PnP-DnCNN,90,0.05,"sd=0.05,k=5",20,28.005410997431277,0.983156819481495,0.11451978
PnP-DnCNN,90,0.05,"sd=0.05,k=5",21,29.518908280675568,0.9863796535848586,0.10960574
PnP-DnCNN,90,0.05,"sd=0.05,k=5",22,26.31390721709346,0.9704776430302415,0.15449396
PnP-DnCNN,90,0.05,"sd=0.05,k=5",23,26.39128884143499,0.9686350221476279,0.16579191
PnP-DnCNN,90,0.05,"sd=0.05,k=5",24,24.451559893455027,0.9236879084597934,0.27637884
PnP-DnCNN,90,0.05,"sd=0.05,k=5",25,24.733666723639733,0.9744111874625703,0.117986284
PnP-DnCNN,90,0.05,"sd=0.05,k=5",26,26.487911114514397,0.9706937926859895,0.19232729
PnP-DnCNN,90,0.05,"sd=0.05,k=5",27,27.966314765092566,0.9728252678986423,0.13081685
PnP-DnCNN,90,0.05,"sd=0.05,k=5",28,28.48649664118596,0.9840936197722254,0.096812956
PnP-DnCNN,90,0.05,"sd=0.05,k=5",29,28.308280643312358,0.9795756056165892,0.16472514
PnP-DnCNN,90,0.05,"sd=0.05,k=5",30,27.465968307974144,0.9807066894636667,0.12909618
PnP-DnCNN,90,0.05,"sd=0.05,k=5",31,30.506159290989565,0.9825879269518143,0.14054738
PnP-DnCNN,90,0.05,"sd=0.05,k=5",32,26.340948856295757,0.9615304304887194,0.14366202
PnP-DnCNN,90,0.05,"sd=0.05,k=5",33,27.0117484548329,0.970822847086536,0.1398394
PnP-DnCNN,90,0.05,"sd=0.05,k=5",34,27.11422399398561,0.9737532084022672,0.13003209
PnP-DnCNN,90,0.05,"sd=0.05,k=5",35,25.493372960681164,0.9638612254191775,0.15192103
PnP-DnCNN,90,0.05,"sd=0.05,k=5",36,25.984660015395598,0.9472117017615925,0.16514236
PnP-DnCNN,90,0.05,"sd=0.05,k=5",37,31.010338928873132,0.9814695789794291,0.114956744
PnP-DnCNN,90,0.05,"sd=0.05,k=5",38,29.148059456510712,0.9703563457924472,0.12776488
PnP-DnCNN,90,0.05,"sd=0.05,k=5",39,30.043752891117123,0.9858061958196734,0.11051303
PnP-DnCNN,90,0.05,"sd=0.05,k=5",40,27.145858686260684,0.960383228896078,0.2682242
PnP-DnCNN,90,0.05,"sd=0.05,k=5",41,25.448318404262015,0.9579735039310022,0.20524555
PnP-DnCNN,90,0.05,"sd=0.05,k=5",42,26.499594155774897,0.971550374176384,0.14752367
PnP-DnCNN,90,0.05,"sd=0.05,k=5",43,26.78805499884556,0.9558802715325652,0.18180291
PnP-DnCNN,90,0.05,"sd=0.05,k=5",44,28.656552051080023,0.9819685983017457,0.13054006
PnP-DnCNN,90,0.05,"sd=0.05,k=5",45,27.209694140160217,0.9699071773812791,0.15682799
PnP-DnCNN,90,0.05,"sd=0.05,k=5",46,30.181673028251062,0.9813200945327104,0.10656526
PnP-DnCNN,90,0.05,"sd=0.05,k=5",47,23.832970919908693,0.9286499379341268,0.25944763
PnP-DnCNN,90,0.05,"sd=0.05,k=5",48,26.394443739739305,0.9657529128238189,0.11401485
PnP-DnCNN,90,0.05,"sd=0.05,k=5",49,27.185483957096118,0.9556356603664554,0.13642178
PnP-DnCNN,90,0.05,"sd=0.05,k=5",50,27.598765715781795,0.9778805630019873,0.14442304
PnP-DnCNN,90,0.05,"sd=0.05,k=5",51,25.901707232194422,0.980222828378362,0.12457616
PnP-DnCNN,90,0.05,"sd=0.05,k=5",52,26.004015578927216,0.9670801077746163,0.16186838
PnP-DnCNN,90,0.05,"sd=0.05,k=5",53,24.049800223082375,0.9379346778939578,0.25137264
PnP-DnCNN,90,0.05,"sd=0.05,k=5",54,25.31541774936403,0.9747516592302599,0.14291105
PnP-DnCNN,90,0.05,"sd=0.05,k=5",55,26.904806585909313,0.9730929362872416,0.13089697
PnP-DnCNN,90,0.05,"sd=0.05,k=5",56,27.203175797175426,0.9704183988457868,0.12547088
PnP-DnCNN,90,0.05,"sd=0.05,k=5",57,29.43259621509406,0.9689064911020197,0.16335717
PnP-DnCNN,90,0.05,"sd=0.05,k=5",58,27.576533371621647,0.9760023333316992,0.12552331
PnP-DnCNN,90,0.05,"sd=0.05,k=5",59,26.075703426753634,0.9451426908004382,0.23235957
PnP-DnCNN,90,0.05,"sd=0.05,k=5",60,27.992422531308346,0.9749834046752985,0.11692777
PnP-DnCNN,90,0.05,"sd=0.05,k=5",61,26.27004338887258,0.9787439930537516,0.13116954
PnP-DnCNN,90,0.05,"sd=0.05,k=5",62,26.099383555650775,0.9576062180779197,0.21996872
PnP-DnCNN,90,0.05,"sd=0.05,k=5",63,26.987218316378975,0.972608176113899,0.14794303
PnP-DnCNN,90,0.05,"sd=0.05,k=5",64,26.772547978326227,0.9785624268380079,0.12485758
PnP-DnCNN,90,0.05,"sd=0.05,k=5",65,27.228531677360188,0.96100537078686,0.18946984
PnP-DnCNN,90,0.05,"sd=0.05,k=5",66,25.883179005524646,0.9719590983730703,0.16495474
PnP-DnCNN,90,0.05,"sd=0.05,k=5",67,24.253322829765736,0.957673013641322,0.20451182
PnP-DnCNN,90,0.05,"sd=0.05,k=5",68,26.371260323080428,0.976195132313681,0.119205534
PnP-DnCNN,90,0.05,"sd=0.05,k=5",69,27.92362409431506,0.9805964143438772,0.115029894
PnP-DnCNN,90,0.05,"sd=0.05,k=5",70,29.23580267327904,0.9731037988027266,0.11076227
PnP-DnCNN,90,0.05,"sd=0.05,k=5",71,25.597444065849295,0.9810578648216468,0.12243805
PnP-DnCNN,90,0.05,"sd=0.05,k=5",72,26.661514101677206,0.9753739580142596,0.137281
PnP-DnCNN,90,0.05,"sd=0.05,k=5",73,29.105065403094933,0.9813599997192375,0.096511014
PnP-DnCNN,90,0.05,"sd=0.05,k=5",74,30.761503507051714,0.9887820042608199,0.11399353
PnP-DnCNN,90,0.05,"sd=0.05,k=5",75,26.672541756120786,0.9515461757902272,0.14871544
PnP-DnCNN,90,0.05,"sd=0.05,k=5",76,26.434678235960227,0.9669220211092105,0.17692141
PnP-DnCNN,90,0.05,"sd=0.05,k=5",77,25.413840563470494,0.9461906406381899,0.20036983
PnP-DnCNN,90,0.05,"sd=0.05,k=5",78,26.56780015469709,0.9727742768023625,0.15958385
PnP-DnCNN,90,0.05,"sd=0.05,k=5",79,27.101754161742786,0.9610568468405072,0.10515299
PnP-DnCNN,90,0.05,"sd=0.05,k=5",80,28.397608590642314,0.9714815926330149,0.12659305
PnP-DnCNN,90,0.05,"sd=0.05,k=5",81,27.561617778312485,0.9716553774254382,0.123989835
PnP-DnCNN,90,0.05,"sd=0.05,k=5",82,26.008597757600988,0.9698283970971738,0.12959523
PnP-DnCNN,90,0.05,"sd=0.05,k=5",83,27.185121518587366,0.9541418082581079,0.15993391
PnP-DnCNN,90,0.05,"sd=0.05,k=5",84,25.720512271463104,0.9704185838788009,0.15200962
PnP-DnCNN,90,0.05,"sd=0.05,k=5",85,26.580172348603423,0.9718451910028773,0.11616016
PnP-DnCNN,90,0.05,"sd=0.05,k=5",86,28.10421388064097,0.9776020622696758,0.11627665
PnP-DnCNN,90,0.05,"sd=0.05,k=5",87,26.663968331577795,0.9762839465594488,0.13616192
PnP-DnCNN,90,0.05,"sd=0.05,k=5",88,27.014452702948695,0.9792068084655714,0.13050431
PnP-DnCNN,90,0.05,"sd=0.05,k=5",89,28.970537667748086,0.9788037473258894,0.13129814
PnP-DnCNN,90,0.05,"sd=0.05,k=5",90,26.7410064741738,0.9697949766866432,0.14124304
PnP-DnCNN,90,0.05,"sd=0.05,k=5",91,28.264015368557637,0.9773802179689249,0.12855649
PnP-DnCNN,90,0.05,"sd=0.05,k=5",92,23.076415023223745,0.926533928587417,0.30183432
PnP-DnCNN,90,0.05,"sd=0.05,k=5",93,26.362268749264377,0.9659085877486004,0.11886762
PnP-DnCNN,90,0.05,"sd=0.05,k=5",94,26.943152165499576,0.971427568896435,0.13842273
PnP-DnCNN,90,0.05,"sd=0.05,k=5",95,26.916448045138143,0.9801212945752893,0.10549396
PnP-DnCNN,90,0.05,"sd=0.05,k=5",96,29.622776774475845,0.9783284223276721,0.14911836
PnP-DnCNN,90,0.05,"sd=0.05,k=5",97,26.424035480586497,0.9595500103328839,0.13036382
PnP-DnCNN,90,0.05,"sd=0.05,k=5",98,28.86648860696553,0.9774612334887843,0.116382584
PnP-DnCNN,90,0.05,"sd=0.05,k=5",99,27.785995205213148,0.9822453650807547,0.11111535
PnP-DnCNN,90,0.05,"sd=0.05,k=5",100,24.396599958093063,0.9559260333372541,0.23513643
PnP-DnCNN,90,0.05,"sd=0.05,k=5",101,25.701597144864824,0.9652648967159682,0.15657738
PnP-DnCNN,90,0.05,"sd=0.05,k=5",102,25.39508257841237,0.9567936064044306,0.15882283
PnP-DnCNN,90,0.05,"sd=0.05,k=5",103,27.53263487896229,0.9710373642030826,0.12862365
PnP-DnCNN,90,0.05,"sd=0.05,k=5",104,26.409021294640898,0.9675252403109527,0.1594355
PnP-DnCNN,90,0.05,"sd=0.05,k=5",105,28.166667481682403,0.976070793638052,0.13564943
PnP-DnCNN,90,0.05,"sd=0.05,k=5",106,25.145896508329596,0.968830571686926,0.16005309
PnP-DnCNN,90,0.05,"sd=0.05,k=5",107,31.03824109262633,0.9834116133283978,0.116439864
PnP-DnCNN,90,0.05,"sd=0.05,k=5",108,26.16791395097344,0.9742298275232315,0.15743151
PnP-DnCNN,90,0.05,"sd=0.05,k=5",109,25.41223411814784,0.9553452190165678,0.1857348
PnP-DnCNN,90,0.05,"sd=0.05,k=5",110,26.301986936423933,0.9774017337678877,0.13912778
PnP-DnCNN,90,0.05,"sd=0.05,k=5",111,28.681173167617494,0.9699565150644168,0.13104482
PnP-DnCNN,90,0.05,"sd=0.05,k=5",112,27.990677138126877,0.9719953867029553,0.14533707
PnP-DnCNN,90,0.05,"sd=0.05,k=5",113,27.400546975304128,0.9776762824905806,0.13593376
PnP-DnCNN,90,0.05,"sd=0.05,k=5",114,26.99725840521562,0.9596719002920734,0.16065413
PnP-DnCNN,90,0.05,"sd=0.05,k=5",115,28.916137790868564,0.9766168186733545,0.13455436
PnP-DnCNN,90,0.05,"sd=0.05,k=5",116,28.021736352566332,0.9622330360176149,0.16011997
PnP-DnCNN,90,0.05,"sd=0.05,k=5",117,26.202549356465372,0.971210166750368,0.14804786
PnP-DnCNN,90,0.05,"sd=0.05,k=5",118,27.331411539617967,0.9726798552865824,0.16743912
PnP-DnCNN,90,0.05,"sd=0.05,k=5",119,25.541840376176168,0.967168498507216,0.14845027
PnP-DnCNN,90,0.05,"sd=0.05,k=5",120,24.89123693413145,0.9512982446669547,0.14154018
PnP-DnCNN,90,0.05,"sd=0.05,k=5",121,28.296057898629886,0.9731229562466303,0.13411568
PnP-DnCNN,90,0.05,"sd=0.05,k=5",122,31.594885040804183,0.9774565753365351,0.11188936
PnP-DnCNN,90,0.05,"sd=0.05,k=5",123,25.73825942931167,0.9688642724486421,0.16260345
PnP-DnCNN,90,0.05,"sd=0.05,k=5",124,26.88530928346912,0.9722600011539854,0.13761729
PnP-DnCNN,90,0.05,"sd=0.05,k=5",125,27.471520754453927,0.975970376498443,0.15259375
PnP-DnCNN,90,0.05,"sd=0.05,k=5",126,25.207837735792644,0.9710710629328223,0.15839092
PnP-DnCNN,90,0.05,"sd=0.05,k=5",127,28.01049316063089,0.9736958638695646,0.118288465
PnP-DnCNN,90,0.05,"sd=0.05,k=5",128,27.52808520742755,0.9634104215901745,0.10233791
PnP-DnCNN,90,0.05,"sd=0.05,k=5",129,26.525530267137285,0.9658536521240699,0.15448089
PnP-DnCNN,90,0.05,"sd=0.05,k=5",130,26.303725618884446,0.979889536445791,0.123684265
PnP-DnCNN,90,0.05,"sd=0.05,k=5",131,26.070712122418563,0.9693534286800495,0.11884263
PnP-DnCNN,90,0.05,"sd=0.05,k=5",132,24.601545257067826,0.9705289165096834,0.1454763
PnP-DnCNN,90,0.05,"sd=0.05,k=5",133,26.79915272459666,0.9658880066896273,0.12124976
PnP-DnCNN,90,0.05,"sd=0.05,k=5",134,26.717838219825623,0.976094944110094,0.13237728
PnP-DnCNN,90,0.05,"sd=0.05,k=5",135,31.286171405595336,0.9766842245070402,0.09671831
PnP-DnCNN,90,0.05,"sd=0.05,k=5",136,27.78975697475493,0.9794524605116568,0.1249115
PnP-DnCNN,90,0.05,"sd=0.05,k=5",137,29.14326284215841,0.9812439335279228,0.11541279
PnP-DnCNN,90,0.05,"sd=0.05,k=5",138,27.813970804371433,0.9834969315893394,0.11793992
PnP-DnCNN,90,0.05,"sd=0.05,k=5",139,27.91044354453719,0.9834890587886503,0.12178186
PnP-DnCNN,90,0.05,"sd=0.05,k=5",140,25.675842273863832,0.9524629819861128,0.21265242
PnP-DnCNN,90,0.05,"sd=0.05,k=5",141,27.95583809435537,0.9705877398902719,0.14556366
PnP-DnCNN,90,0.05,"sd=0.05,k=5",142,27.305077503288597,0.9640773595734076,0.1423989
PnP-DnCNN,90,0.05,"sd=0.05,k=5",143,31.135932930026307,0.9845107146038496,0.12690729
PnP-DnCNN,90,0.05,"sd=0.05,k=5",144,26.27223342813618,0.959805146783344,0.14970252
PnP-DnCNN,90,0.05,"sd=0.05,k=5",145,27.82251047556347,0.9733087440167577,0.18807131
PnP-DnCNN,90,0.05,"sd=0.05,k=5",146,26.337602029858154,0.9756226388137202,0.13148944
PnP-DnCNN,90,0.05,"sd=0.05,k=5",147,26.048547613476458,0.9798471515090013,0.12078225
PnP-DnCNN,90,0.05,"sd=0.05,k=5",148,26.962121340493667,0.9771491072394631,0.14246765
PnP-DnCNN,90,0.05,"sd=0.05,k=5",149,25.05788523649999,0.9429870740133376,0.2208421
PnP-DnCNN,90,0.05,"sd=0.05,k=5",150,25.73796002868121,0.9702803262871159,0.16519909
PnP-DnCNN,90,0.05,"sd=0.05,k=5",151,23.206282387907507,0.964250864938271,0.1941557
PnP-DnCNN,90,0.05,"sd=0.05,k=5",152,26.247841486211453,0.9640782543819798,0.17088212
PnP-DnCNN,90,0.05,"sd=0.05,k=5",153,25.780807793909823,0.9629753656870077,0.1847296
PnP-DnCNN,90,0.05,"sd=0.05,k=5",154,30.083797055692997,0.9761848752656259,0.15419136
PnP-DnCNN,90,0.05,"sd=0.05,k=5",155,27.590799625784726,0.9842643890499083,0.11538294
PnP-DnCNN,90,0.05,"sd=0.05,k=5",156,27.463674840634123,0.9808341049212069,0.14145774
PnP-DnCNN,90,0.05,"sd=0.05,k=5",157,26.130558945018244,0.9610016091672842,0.15576532
PnP-DnCNN,90,0.05,"sd=0.05,k=5",158,27.713190946584835,0.9778981527760009,0.13087201
PnP-DnCNN,90,0.05,"sd=0.05,k=5",159,27.00350277156,0.965999219289496,0.18120605
PnP-DnCNN,90,0.05,"sd=0.05,k=5",160,27.545108855310882,0.9730962798738283,0.12796243
PnP-DnCNN,90,0.05,"sd=0.05,k=5",161,26.15188010495855,0.9714029944263214,0.15083218
PnP-DnCNN,90,0.05,"sd=0.05,k=5",162,26.804346156994807,0.9820922710432494,0.11638683
PnP-DnCNN,90,0.05,"sd=0.05,k=5",163,27.074050800228285,0.9732202590743372,0.12103888
PnP-DnCNN,90,0.05,"sd=0.05,k=5",164,26.21322789522005,0.9701557182822346,0.1595008
PnP-DnCNN,90,0.05,"sd=0.05,k=5",165,25.86154345093692,0.9670207261546584,0.13987233
PnP-DnCNN,90,0.05,"sd=0.05,k=5",166,26.492782561368422,0.9661078401956676,0.16035013
PnP-DnCNN,90,0.05,"sd=0.05,k=5",167,27.165799225913805,0.9702956255309838,0.16254178
PnP-DnCNN,90,0.05,"sd=0.05,k=5",168,29.36668825357865,0.9833265308998833,0.13745467
PnP-DnCNN,90,0.05,"sd=0.05,k=5",169,26.36431073512554,0.952440300017349,0.16934393
PnP-DnCNN,90,0.05,"sd=0.05,k=5",170,27.902295767797334,0.9661622887307947,0.15487581
PnP-DnCNN,90,0.05,"sd=0.05,k=5",171,28.442134001228226,0.9829608056663481,0.09789903
PnP-DnCNN,90,0.05,"sd=0.05,k=5",172,25.507196380491187,0.9761130079503887,0.1444446
PnP-DnCNN,90,0.05,"sd=0.05,k=5",173,25.28955741122349,0.9391754823467455,0.1987984
PnP-DnCNN,90,0.05,"sd=0.05,k=5",174,25.968007417919175,0.9585118373194017,0.16008371
PnP-DnCNN,90,0.05,"sd=0.05,k=5",175,26.218698202645626,0.9438923361503389,0.29205465
PnP-DnCNN,90,0.05,"sd=0.05,k=5",176,28.742818589079263,0.9741319499232552,0.21720271
PnP-DnCNN,90,0.05,"sd=0.05,k=5",177,27.60430859986235,0.9802010039652674,0.1249064
PnP-DnCNN,90,0.05,"sd=0.05,k=5",178,30.764617753620772,0.9801656145694827,0.120159306
PnP-DnCNN,90,0.05,"sd=0.05,k=5",179,25.60603615557657,0.9746748260722673,0.1389005
PnP-DnCNN,90,0.05,"sd=0.05,k=5",180,29.63655856005062,0.9773127267922251,0.14614825
PnP-DnCNN,90,0.05,"sd=0.05,k=5",181,26.987723630594168,0.9788560209688076,0.12245166
PnP-DnCNN,90,0.05,"sd=0.05,k=5",182,28.133336067698373,0.9801407910821852,0.14232948
PnP-DnCNN,90,0.05,"sd=0.05,k=5",183,25.653992212433813,0.9772442169179602,0.12724426
PnP-DnCNN,90,0.05,"sd=0.05,k=5",184,25.098858933037143,0.9270789891573762,0.17675318
PnP-DnCNN,90,0.05,"sd=0.05,k=5",185,27.69431803035652,0.9788772955167392,0.13440067
PnP-DnCNN,90,0.05,"sd=0.05,k=5",186,27.355408476908174,0.9781584945345713,0.102477126
PnP-DnCNN,90,0.05,"sd=0.05,k=5",187,25.820016659149204,0.9678767018081728,0.14940858
PnP-DnCNN,90,0.05,"sd=0.05,k=5",188,27.311615464758535,0.9827476880890279,0.105613835
PnP-DnCNN,90,0.05,"sd=0.05,k=5",189,29.410678708597384,0.9795459250280679,0.17791338
PnP-DnCNN,90,0.05,"sd=0.05,k=5",190,28.192921639528056,0.9821267389068918,0.12675826
PnP-DnCNN,90,0.05,"sd=0.05,k=5",191,29.39158997459061,0.977855168590861,0.145393
PnP-DnCNN,90,0.05,"sd=0.05,k=5",192,26.83098458857129,0.9849640260304301,0.12858231
PnP-DnCNN,90,0.05,"sd=0.05,k=5",193,23.369611583461293,0.9563991936031452,0.23466007
PnP-DnCNN,90,0.05,"sd=0.05,k=5",194,26.36113689365012,0.9807727621360258,0.13451213
PnP-DnCNN,90,0.05,"sd=0.05,k=5",195,25.923327642140933,0.9422540864176001,0.2425009
PnP-DnCNN,90,0.05,"sd=0.05,k=5",196,30.374716475682483,0.9807302114392115,0.10336621
PnP-DnCNN,90,0.05,"sd=0.05,k=5",197,25.395593106546027,0.9682095397479278,0.14243297
PnP-DnCNN,90,0.05,"sd=0.05,k=5",198,28.002993638925272,0.9758901349769151,0.1416191
PnP-DnCNN,90,0.05,"sd=0.05,k=5",199,29.795888636254055,0.9821887106195955,0.078034885
