n_angles,sigma,sigma_d,iters,val_psnr
20,0.0,0.005,0,25.35447177252921
20,0.0,0.005,1,25.54467162652959
20,0.0,0.005,2,26.413893666879986
20,0.0,0.005,3,27.144582099514423
20,0.0,0.005,5,28.183861023575684
20,0.0,0.005,10,28.815909566697545
20,0.0,0.005,25,27.34385281219145
20,0.0,0.005,50,26.103906569661195
20,0.0,0.005,100,25.305165714963458
20,0.0,0.005,200,24.887773529114426
20,0.0,0.005,400,24.718149457925875
20,0.0,0.01,0,25.45675405812831
20,0.0,0.01,1,25.632409999766786
20,0.0,0.01,2,26.565397701155376
20,0.0,0.01,3,27.34708115547221
20,0.0,0.01,5,28.432924292882902
20,0.0,0.01,10,28.99476391094005
20,0.0,0.01,25,27.419665239524143
20,0.0,0.01,50,26.207657564202393
20,0.0,0.01,100,25.482514979541165
20,0.0,0.01,200,25.118029762924053
20,0.0,0.01,400,25.028902651687005
20,0.0,0.02,0,25.67215854685771
20,0.0,0.02,1,25.828660807851705
20,0.0,0.02,2,26.90351567114388
20,0.0,0.02,3,27.781112833179627
20,0.0,0.02,5,28.901461260105233
20,0.0,0.02,10,29.1834858921158
20,0.0,0.02,25,27.419832528103747
20,0.0,0.02,50,26.23691294095733
20,0.0,0.02,100,25.616819332791707
20,0.0,0.02,200,25.39776144795883
20,0.0,0.02,400,25.350932093319976
20,0.0,0.05,0,26.625521106271105
20,0.0,0.05,1,26.749252294770436
20,0.0,0.05,2,28.323142272576188
20,0.0,0.05,3,29.212945670831914
20,0.0,0.05,5,29.586721017827408
20,0.0,0.05,10,28.583987405243306
20,0.0,0.05,25,26.619092334970784
20,0.0,0.05,50,25.630277804076226
20,0.0,0.05,100,25.15733114536782
20,0.0,0.05,200,24.98862045213401
20,0.0,0.05,400,24.956454767661338
20,0.0,0.1,0,28.602589295023044
20,0.0,0.1,1,28.607423659996503
20,0.0,0.1,2,28.935447264625495
20,0.0,0.1,3,28.360239797739084
20,0.0,0.1,5,27.300402973597258
20,0.0,0.1,10,25.782854059143887
20,0.0,0.1,25,24.18857613460031
20,0.0,0.1,50,23.440097315795782
20,0.0,0.1,100,23.091125006840034
20,0.0,0.1,200,22.945351011818474
20,0.0,0.1,400,22.869052514938275
20,0.0,0.15,0,28.478123033249332
20,0.0,0.15,1,28.399350192331063
20,0.0,0.15,2,27.528125964912523
20,0.0,0.15,3,26.680811641759238
20,0.0,0.15,5,25.544801171123257
20,0.0,0.15,10,24.046118595976914
20,0.0,0.15,25,22.40883639010186
20,0.0,0.15,50,21.646522296884495
20,0.0,0.15,100,21.28847173652286
20,0.0,0.15,200,21.18345801961086
20,0.0,0.15,400,21.148871981758422
20,0.0,0.2,0,27.712882989258464
20,0.0,0.2,1,27.61109386896354
20,0.0,0.2,2,26.352805089744916
20,0.0,0.2,3,25.431081713911524
20,0.0,0.2,5,24.219144354694706
20,0.0,0.2,10,22.613789839653467
20,0.0,0.2,25,21.02398882318962
20,0.0,0.2,50,20.298621917453715
20,0.0,0.2,100,19.90009485054652
20,0.0,0.2,200,19.771509007901663
20,0.0,0.2,400,19.73539826782905
20,0.0,0.3,0,25.980449978700324
20,0.0,0.3,1,25.87748793542135
20,0.0,0.3,2,24.31219739174665
20,0.0,0.3,3,23.228264136926054
20,0.0,0.3,5,21.848012536032215
20,0.0,0.3,10,20.16981571015994
20,0.0,0.3,25,18.395681768586897
20,0.0,0.3,50,17.596219492114546
20,0.0,0.3,100,17.226993097422213
20,0.0,0.3,200,17.045708501325972
20,0.0,0.3,400,17.01244234094263
20,0.01,0.005,0,24.774522017716578
20,0.01,0.005,1,24.986849103940802
20,0.01,0.005,2,25.84269260191614
20,0.01,0.005,3,26.542469359385105
20,0.01,0.005,5,27.5327008262321
20,0.01,0.005,10,28.2222551893169
20,0.01,0.005,25,27.018202460429766
20,0.01,0.005,50,25.89189907589919
20,0.01,0.005,100,25.153866826381087
20,0.01,0.005,200,24.796278394538835
20,0.01,0.005,400,24.69608869598711
20,0.01,0.01,0,24.91252392439287
20,0.01,0.01,1,25.08050936306132
20,0.01,0.01,2,25.99090931460923
20,0.01,0.01,3,26.73764073345209
20,0.01,0.01,5,27.77479021017936
20,0.01,0.01,10,28.413031936520476
20,0.01,0.01,25,27.111594885485946
20,0.01,0.01,50,26.000487958986742
20,0.01,0.01,100,25.319207598114044
20,0.01,0.01,200,25.028410330946734
20,0.01,0.01,400,24.916139785682468
20,0.01,0.02,0,25.160534898887853
20,0.01,0.02,1,25.27789343839065
20,0.01,0.02,2,26.317245431461235
20,0.01,0.02,3,27.15546033140014
20,0.01,0.02,5,28.23888701508762
20,0.01,0.02,10,28.648071438183702
20,0.01,0.02,25,27.164112051092474
20,0.01,0.02,50,26.053403199627038
20,0.01,0.02,100,25.457429404108055
20,0.01,0.02,200,25.26091021756582
20,0.01,0.02,400,25.2134504372337
20,0.01,0.05,0,26.09231424785942
20,0.01,0.05,1,26.141300285875996
20,0.01,0.05,2,27.654281614034527
20,0.01,0.05,3,28.546334880644867
20,0.01,0.05,5,29.030792196224187
20,0.01,0.05,10,28.260053692412228
20,0.01,0.05,25,26.517859057174075
20,0.01,0.05,50,25.597654303197587
20,0.01,0.05,100,25.085859159813367
20,0.01,0.05,200,24.90973622479224
20,0.01,0.05,400,24.88641133667344
20,0.01,0.1,0,28.04663659460066
20,0.01,0.1,1,27.95393303520326
20,0.01,0.1,2,28.49075677598613
20,0.01,0.1,3,28.05875535937868
20,0.01,0.1,5,27.13704009347259
20,0.01,0.1,10,25.71459856228429
20,0.01,0.1,25,24.14691795317063
20,0.01,0.1,50,23.42546573816038
20,0.01,0.1,100,23.04473131954819
20,0.01,0.1,200,22.889939871398827
20,0.01,0.1,400,22.840116738565698
20,0.01,0.15,0,28.152038780038424
20,0.01,0.15,1,27.952128590920232
20,0.01,0.15,2,27.281527842089186
20,0.01,0.15,3,26.515973009754966
20,0.01,0.15,5,25.437196395537605
20,0.01,0.15,10,23.998556484472257
20,0.01,0.15,25,22.36087320006967
20,0.01,0.15,50,21.631185515866274
20,0.01,0.15,100,21.285216634580305
20,0.01,0.15,200,21.162579716938414
20,0.01,0.15,400,21.152359181909816
20,0.01,0.2,0,27.52061623358454
20,0.01,0.2,1,27.287676402215055
20,0.01,0.2,2,26.177765155073804
20,0.01,0.2,3,25.300646928361715
20,0.01,0.2,5,24.147763049698938
20,0.01,0.2,10,22.577855559546652
20,0.01,0.2,25,20.984171344552045
20,0.01,0.2,50,20.255542031010812
20,0.01,0.2,100,19.874110631613895
20,0.01,0.2,200,19.74504956568969
20,0.01,0.2,400,19.708966356875386
20,0.01,0.3,0,25.907215336678714
20,0.01,0.3,1,25.67634099088395
20,0.01,0.3,2,24.191803480618997
20,0.01,0.3,3,23.14048666867352
20,0.01,0.3,5,21.792205271581842
20,0.01,0.3,10,20.10125163292344
20,0.01,0.3,25,18.334417718393944
20,0.01,0.3,50,17.54549767438296
20,0.01,0.3,100,17.215534067769212
20,0.01,0.3,200,17.080200637810307
20,0.01,0.3,400,17.025617163012207
20,0.05,0.005,0,16.63611923727677
20,0.05,0.005,1,18.02682868348414
20,0.05,0.005,2,18.832736565626487
20,0.05,0.005,3,19.29780191643505
20,0.05,0.005,5,19.851464791943375
20,0.05,0.005,10,20.287784904621727
20,0.05,0.005,25,19.942063746278535
20,0.05,0.005,50,19.46595614032085
20,0.05,0.005,100,19.119365898499726
20,0.05,0.005,200,18.840270177133824
20,0.05,0.005,400,18.633497345498178
20,0.05,0.01,0,16.713689709115275
20,0.05,0.01,1,18.18927520972254
20,0.05,0.01,2,19.05909055003462
20,0.05,0.01,3,19.573812367358816
20,0.05,0.01,5,20.203643251469867
20,0.05,0.01,10,20.760598269733087
20,0.05,0.01,25,20.580920132508037
20,0.05,0.01,50,20.23783393605528
20,0.05,0.01,100,19.958703775711626
20,0.05,0.01,200,19.736791481835887
20,0.05,0.01,400,19.563463644412245
20,0.05,0.02,0,16.948662681095012
20,0.05,0.02,1,18.5267482694274
20,0.05,0.02,2,19.5098563016107
20,0.05,0.02,3,20.109701074723052
20,0.05,0.02,5,20.859915467463846
20,0.05,0.02,10,21.599739795141858
20,0.05,0.02,25,21.697229888433434
20,0.05,0.02,50,21.479952648950338
20,0.05,0.02,100,21.315299151205732
20,0.05,0.02,200,21.175220423553192
20,0.05,0.02,400,21.064710499568196
20,0.05,0.05,0,18.193005003116316
20,0.05,0.05,1,19.533014915143138
20,0.05,0.05,2,20.743330660730702
20,0.05,0.05,3,21.524450731536007
20,0.05,0.05,5,22.502270358607184
20,0.05,0.05,10,23.37231269886679
20,0.05,0.05,25,23.43861166465727
20,0.05,0.05,50,23.159175244581185
20,0.05,0.05,100,23.010975765898255
20,0.05,0.05,200,22.90869497689165
20,0.05,0.05,400,22.879014531260506
20,0.05,0.1,0,20.833355889059504
20,0.05,0.1,1,21.11666273601578
20,0.05,0.1,2,22.710147132791885
20,0.05,0.1,3,23.471795407110235
20,0.05,0.1,5,23.935671708188483
20,0.05,0.1,10,23.815905269810948
20,0.05,0.1,25,23.00645198487721
20,0.05,0.1,50,22.454177468722477
20,0.05,0.1,100,22.21576343037616
20,0.05,0.1,200,22.04898865933476
20,0.05,0.1,400,21.9866862863754
20,0.05,0.15,0,22.63523759889202
20,0.05,0.15,1,22.284023172927117
20,0.05,0.15,2,23.44786469139253
20,0.05,0.15,3,23.63554635515983
20,0.05,0.15,5,23.495973773197473
20,0.05,0.15,10,22.85110075091611
20,0.05,0.15,25,21.793291200128266
20,0.05,0.15,50,21.185425135814366
20,0.05,0.15,100,20.88556949319263
20,0.05,0.15,200,20.789620476333003
20,0.05,0.15,400,20.763858045604156
20,0.05,0.2,0,23.431082685363734
20,0.05,0.2,1,22.803741614800998
20,0.05,0.2,2,23.315582682248042
20,0.05,0.2,3,23.180053613176447
20,0.05,0.2,5,22.707940657985937
20,0.05,0.2,10,21.759132762257686
20,0.05,0.2,25,20.531924311555944
20,0.05,0.2,50,19.89031683466028
20,0.05,0.2,100,19.581179472488955
20,0.05,0.2,200,19.481848197681618
20,0.05,0.2,400,19.431571340487984
20,0.05,0.3,0,23.528812949203207
20,0.05,0.3,1,22.607546486757684
20,0.05,0.3,2,22.249501255229646
20,0.05,0.3,3,21.69648142152643
20,0.05,0.3,5,20.812229710254464
20,0.05,0.3,10,19.509469873734105
20,0.05,0.3,25,18.07527709612167
20,0.05,0.3,50,17.395061914593292
20,0.05,0.3,100,17.04038239099075
20,0.05,0.3,200,16.938877399615407
20,0.05,0.3,400,16.906680788353984
20,0.1,0.005,0,11.143012930276129
20,0.1,0.005,1,12.528703620047436
20,0.1,0.005,2,13.257070364892947
20,0.1,0.005,3,13.612492416445573
20,0.1,0.005,5,13.973624184986493
20,0.1,0.005,10,14.222293850165654
20,0.1,0.005,25,14.067656086204977
20,0.1,0.005,50,13.872514132684524
20,0.1,0.005,100,13.778350018468572
20,0.1,0.005,200,13.733900513020139
20,0.1,0.005,400,13.711856959553058
20,0.1,0.01,0,11.17313793238376
20,0.1,0.01,1,12.585679691278717
20,0.1,0.01,2,13.328556814306728
20,0.1,0.01,3,13.691457897480042
20,0.1,0.01,5,14.05995079547637
20,0.1,0.01,10,14.321521359990339
20,0.1,0.01,25,14.17997260012672
20,0.1,0.01,50,14.023986265480769
20,0.1,0.01,100,13.926021643123754
20,0.1,0.01,200,13.903263422075025
20,0.1,0.01,400,13.886306087739584
20,0.1,0.02,0,11.23739743151023
20,0.1,0.02,1,12.714200533944691
20,0.1,0.02,2,13.49332422008789
20,0.1,0.02,3,13.87337364567184
20,0.1,0.02,5,14.260065352912452
20,0.1,0.02,10,14.537397023849383
20,0.1,0.02,25,14.484366024922656
20,0.1,0.02,50,14.395443986911985
20,0.1,0.02,100,14.348248266310897
20,0.1,0.02,200,14.30550903688508
20,0.1,0.02,400,14.291110834038745
20,0.1,0.05,0,11.486116795646215
20,0.1,0.05,1,13.219971875286385
20,0.1,0.05,2,14.150646507142326
20,0.1,0.05,3,14.611331797890546
20,0.1,0.05,5,15.123770604467055
20,0.1,0.05,10,15.602313446180352
20,0.1,0.05,25,15.812366976701519
20,0.1,0.05,50,15.92398729076226
20,0.1,0.05,100,16.009870034010472
20,0.1,0.05,200,16.036758612981213
20,0.1,0.05,400,16.04273277146133
20,0.1,0.1,0,12.269667418784715
20,0.1,0.1,1,14.415978981829953
20,0.1,0.1,2,15.748048612791903
20,0.1,0.1,3,16.4781968091164
20,0.1,0.1,5,17.31109318269805
20,0.1,0.1,10,18.070711576964275
20,0.1,0.1,25,18.472793227022972
20,0.1,0.1,50,18.52404253192409
20,0.1,0.1,100,18.558813611380653
20,0.1,0.1,200,18.58215389819703
20,0.1,0.1,400,18.548393406806348
20,0.1,0.15,0,13.537887930965669
20,0.1,0.15,1,15.841775048882921
20,0.1,0.15,2,17.48933909777186
20,0.1,0.15,3,18.27247752834607
20,0.1,0.15,5,18.998420448303563
20,0.1,0.15,10,19.49569891868717
20,0.1,0.15,25,19.474141737995172
20,0.1,0.15,50,19.289733049888596
20,0.1,0.15,100,19.185160588215094
20,0.1,0.15,200,19.118607659201153
20,0.1,0.15,400,19.098124444950926
20,0.1,0.2,0,15.081861965038764
20,0.1,0.2,1,17.07157550047645
20,0.1,0.2,2,18.612346572019284
20,0.1,0.2,3,19.198488949981144
20,0.1,0.2,5,19.655379158189447
20,0.1,0.2,10,19.698511498997146
20,0.1,0.2,25,19.15482805837614
20,0.1,0.2,50,18.744507260482195
20,0.1,0.2,100,18.46495324995706
20,0.1,0.2,200,18.373265031771453
20,0.1,0.2,400,18.33091244718731
20,0.1,0.3,0,18.055085756244473
20,0.1,0.3,1,18.17647456436305
20,0.1,0.3,2,18.997113959696275
20,0.1,0.3,3,19.09766546563317
20,0.1,0.3,5,18.889170929603505
20,0.1,0.3,10,18.23623826393129
20,0.1,0.3,25,17.32615689202211
20,0.1,0.3,50,16.83520672366545
20,0.1,0.3,100,16.62913921997076
20,0.1,0.3,200,16.53321651697685
20,0.1,0.3,400,16.501493411993145
20,0.2,0.005,0,7.036159129666214
20,0.2,0.005,1,9.118334539168613
20,0.2,0.005,2,10.099617437024575
20,0.2,0.005,3,10.541339049556461
20,0.2,0.005,5,10.90974325110749
20,0.2,0.005,10,11.078098040891964
20,0.2,0.005,25,10.94249203046254
20,0.2,0.005,50,10.847451202314938
20,0.2,0.005,100,10.794472140206821
20,0.2,0.005,200,10.784154083097574
20,0.2,0.005,400,10.781963734584282
20,0.2,0.01,0,7.059212770114041
20,0.2,0.01,1,9.152256592489966
20,0.2,0.01,2,10.13521736021228
20,0.2,0.01,3,10.572095423750422
20,0.2,0.01,5,10.93559625445262
20,0.2,0.01,10,11.099091629505773
20,0.2,0.01,25,10.970706062080092
20,0.2,0.01,50,10.885651909064743
20,0.2,0.01,100,10.849217336550339
20,0.2,0.01,200,10.842882237372365
20,0.2,0.01,400,10.840414557187593
20,0.2,0.02,0,7.109900136019466
20,0.2,0.02,1,9.223857530221549
20,0.2,0.02,2,10.210810728088136
20,0.2,0.02,3,10.639877510472624
20,0.2,0.02,5,10.997633966715512
20,0.2,0.02,10,11.157521906884282
20,0.2,0.02,25,11.071426817762626
20,0.2,0.02,50,11.025118909880259
20,0.2,0.02,100,11.015340458599217
20,0.2,0.02,200,11.014755080082853
20,0.2,0.02,400,11.017327797392616
20,0.2,0.05,0,7.308158894520069
20,0.2,0.05,1,9.4719131314013
20,0.2,0.05,2,10.48635658182123
20,0.2,0.05,3,10.913660722918307
20,0.2,0.05,5,11.265080091244574
20,0.2,0.05,10,11.459320999524824
20,0.2,0.05,25,11.540600807985749
20,0.2,0.05,50,11.576476179303874
20,0.2,0.05,100,11.616330647184022
20,0.2,0.05,200,11.623597654299852
20,0.2,0.05,400,11.633247617528923
20,0.2,0.1,0,7.805080496587206
20,0.2,0.1,1,10.004956468372027
20,0.2,0.1,2,11.134348270239819
20,0.2,0.1,3,11.577537209756422
20,0.2,0.1,5,11.95527090575375
20,0.2,0.1,10,12.246627349036213
20,0.2,0.1,25,12.539707008681246
20,0.2,0.1,50,12.731954524843097
20,0.2,0.1,100,12.845809058805179
20,0.2,0.1,200,12.947662263971008
20,0.2,0.1,400,12.985958854075347
20,0.2,0.15,0,8.367091879153048
20,0.2,0.15,1,10.726336768542128
20,0.2,0.15,2,11.964505186637496
20,0.2,0.15,3,12.41547850231604
20,0.2,0.15,5,12.80762135912576
20,0.2,0.15,10,13.157024194701643
20,0.2,0.15,25,13.559097471459074
20,0.2,0.15,50,13.81983978511929
20,0.2,0.15,100,13.975875867934002
20,0.2,0.15,200,14.04229257234516
20,0.2,0.15,400,14.065051791186825
20,0.2,0.2,0,8.87673754764455
20,0.2,0.2,1,11.611153270032261
20,0.2,0.2,2,12.846378855080891
20,0.2,0.2,3,13.279426524237735
20,0.2,0.2,5,13.664997085851596
20,0.2,0.2,10,14.03752304059318
20,0.2,0.2,25,14.423161213871879
20,0.2,0.2,50,14.630907087208845
20,0.2,0.2,100,14.656162846252073
20,0.2,0.2,200,14.6334370340697
20,0.2,0.2,400,14.629277285557748
20,0.2,0.3,0,9.939721112922538
20,0.2,0.3,1,13.278911210171813
20,0.2,0.3,2,14.228846800737069
20,0.2,0.3,3,14.548060776945231
20,0.2,0.3,5,14.835130035491902
20,0.2,0.3,10,15.041029478980665
20,0.2,0.3,25,15.056116015002408
20,0.2,0.3,50,14.965605802316047
20,0.2,0.3,100,14.926293497072141
20,0.2,0.3,200,14.913289145930213
20,0.2,0.3,400,14.915247455672151
